STRUCTURE,STRUCTURE_ID,STRUCTURE_NAME,ACTION,REF_AREA,Reference area,FREQ,Frequency of observation,MEASURE,Measure,CLIM_ACT_POL,Climate actions and policies,UNIT_MEASURE,Unit of measure,TIME_PERIOD,Time period,OBS_VALUE,Observation value,OBS_STATUS,Observation status,UNIT_MULT,Unit multiplier,DECIMALS,Decimals
DATAFLOW,OECD.ENV.EPI:DSD_CAPMF@DF_CAPMF(1.0),Climate actions and policies measurement framework,I,CAN,Canada,A,Annual,POL_STRINGENCY,Policy stringency,LEV2_SEC_B_MBI,Buildings - Market-based instruments,0_TO_10,0-10 scale,2010,,3.7,,E,Estimated value,0,Units,2,Two
DATAFLOW,OECD.ENV.EPI:DSD_CAPMF@DF_CAPMF(1.0),Climate actions and policies measurement framework,I,CAN,Canada,A,Annual,POL_STRINGENCY,Policy stringency,LEV2_SEC_B_MBI,Buildings - Market-based instruments,0_TO_10,0-10 scale,2011,,3.7,,E,Estimated value,0,Units,2,Two
DATAFLOW,OECD.ENV.EPI:DSD_CAPMF@DF_CAPMF(1.0),Climate actions and policies measurement framework,I,CAN,Canada,A,Annual,POL_STRINGENCY,Policy stringency,LEV2_SEC_B_MBI,Buildings - Market-based instruments,0_TO_10,0-10 scale,2012,,3.7,,E,Estimated value,0,Units,2,Two
DATAFLOW,OECD.ENV.EPI:DSD_CAPMF@DF_CAPMF(1.0),Climate actions and policies measurement framework,I,CAN,Canada,A,Annual,POL_STRINGENCY,Policy stringency,LEV2_SEC_B_MBI,Buildings - Market-based instruments,0_TO_10,0-10 scale,2013,,5.1999998,,E,Estimated value,0,Units,2,Two
DATAFLOW,OECD.ENV.EPI:DSD_CAPMF@DF_CAPMF(1.0),Climate actions and policies measurement framework,I,CAN,Canada,A,Annual,POL_STRINGENCY,Policy stringency,LEV2_SEC_B_MBI,Buildings - Market-based instruments,0_TO_10,0-10 scale,2014,,5.6999998,,E,Estimated value,0,Units,2,Two
DATAFLOW,OECD.ENV.EPI:DSD_CAPMF@DF_CAPMF(1.0),Climate actions and policies measurement framework,I,CAN,Canada,A,Annual,POL_STRINGENCY,Policy stringency,LEV2_SEC_B_MBI,Buildings - Market-based instruments,0_TO_10,0-10 scale,2015,,5.5,,E,Estimated value,0,Units,2,Two
DATAFLOW,OECD.ENV.EPI:DSD_CAPMF@DF_CAPMF(1.0),Climate actions and policies measurement framework,I,CAN,Canada,A,Annual,POL_STRINGENCY,Policy stringency,LEV2_SEC_B_MBI,Buildings - Market-based instruments,0_TO_10,0-10 scale,2016,,5.5,,E,Estimated value,0,Units,2,Two
DATAFLOW,OECD.ENV.EPI:DSD_CAPMF@DF_CAPMF(1.0),Climate actions and policies measurement framework,I,CAN,Canada,A,Annual,POL_STRINGENCY,Policy stringency,LEV2_SEC_B_MBI,Buildings - Market-based instruments,0_TO_10,0-10 scale,2017,,5.9000001,,E,Estimated value,0,Units,2,Two
DATAFLOW,OECD.ENV.EPI:DSD_CAPMF@DF_CAPMF(1.0),Climate actions and policies measurement framework,I,CAN,Canada,A,Annual,POL_STRINGENCY,Policy stringency,LEV2_SEC_B_MBI,Buildings - Market-based instruments,0_TO_10,0-10 scale,2018,,5.5999999,,E,Estimated value,0,Units,2,Two
DATAFLOW,OECD.ENV.EPI:DSD_CAPMF@DF_CAPMF(1.0),Climate actions and policies measurement framework,I,CAN,Canada,A,Annual,POL_STRINGENCY,Policy stringency,LEV2_SEC_B_MBI,Buildings - Market-based instruments,0_TO_10,0-10 scale,2019,,6,,E,Estimated value,0,Units,2,Two
DATAFLOW,OECD.ENV.EPI:DSD_CAPMF@DF_CAPMF(1.0),Climate actions and policies measurement framework,I,CAN,Canada,A,Annual,POL_STRINGENCY,Policy stringency,LEV2_SEC_B_MBI,Buildings - Market-based instruments,0_TO_10,0-10 scale,2020,,6.4000001,,E,Estimated value,0,Units,2,Two
DATAFLOW,OECD.ENV.EPI:DSD_CAPMF@DF_CAPMF(1.0),Climate actions and policies measurement framework,I,BEL,Belgium,A,Annual,POL_STRINGENCY,Policy stringency,LEV2_SEC_B_MBI,Buildings - Market-based instruments,0_TO_10,0-10 scale,2010,,2.175,,E,Estimated value,0,Units,2,Two
DATAFLOW,OECD.ENV.EPI:DSD_CAPMF@DF_CAPMF(1.0),Climate actions and policies measurement framework,I,BEL,Belgium,A,Annual,POL_STRINGENCY,Policy stringency,LEV2_SEC_B_MBI,Buildings - Market-based instruments,0_TO_10,0-10 scale,2011,,2.175,,E,Estimated value,0,Units,2,Two
DATAFLOW,OECD.ENV.EPI:DSD_CAPMF@DF_CAPMF(1.0),Climate actions and policies measurement framework,I,BEL,Belgium,A,Annual,POL_STRINGENCY,Policy stringency,LEV2_SEC_B_MBI,Buildings - Market-based instruments,0_TO_10,0-10 scale,2012,,2.175,,E,Estimated value,0,Units,2,Two
DATAFLOW,OECD.ENV.EPI:DSD_CAPMF@DF_CAPMF(1.0),Climate actions and policies measurement framework,I,BEL,Belgium,A,Annual,POL_STRINGENCY,Policy stringency,LEV2_SEC_B_MBI,Buildings - Market-based instruments,0_TO_10,0-10 scale,2013,,2.175,,E,Estimated value,0,Units,2,Two
DATAFLOW,OECD.ENV.EPI:DSD_CAPMF@DF_CAPMF(1.0),Climate actions and policies measurement framework,I,BEL,Belgium,A,Annual,POL_STRINGENCY,Policy stringency,LEV2_SEC_B_MBI,Buildings - Market-based instruments,0_TO_10,0-10 scale,2014,,2.175,,E,Estimated value,0,Units,2,Two
DATAFLOW,OECD.ENV.EPI:DSD_CAPMF@DF_CAPMF(1.0),Climate actions and policies measurement framework,I,BEL,Belgium,A,Annual,POL_STRINGENCY,Policy stringency,LEV2_SEC_B_MBI,Buildings - Market-based instruments,0_TO_10,0-10 scale,2015,,2.175,,E,Estimated value,0,Units,2,Two
DATAFLOW,OECD.ENV.EPI:DSD_CAPMF@DF_CAPMF(1.0),Climate actions and policies measurement framework,I,BEL,Belgium,A,Annual,POL_STRINGENCY,Policy stringency,LEV2_SEC_B_MBI,Buildings - Market-based instruments,0_TO_10,0-10 scale,2016,,2.175,,E,Estimated value,0,Units,2,Two
DATAFLOW,OECD.ENV.EPI:DSD_CAPMF@DF_CAPMF(1.0),Climate actions and policies measurement framework,I,BEL,Belgium,A,Annual,POL_STRINGENCY,Policy stringency,LEV2_SEC_B_MBI,Buildings - Market-based instruments,0_TO_10,0-10 scale,2017,,2.175,,E,Estimated value,0,Units,2,Two
DATAFLOW,OECD.ENV.EPI:DSD_CAPMF@DF_CAPMF(1.0),Climate actions and policies measurement framework,I,BEL,Belgium,A,Annual,POL_STRINGENCY,Policy stringency,LEV2_SEC_B_MBI,Buildings - Market-based instruments,0_TO_10,0-10 scale,2018,,2.175,,E,Estimated value,0,Units,2,Two
DATAFLOW,OECD.ENV.EPI:DSD_CAPMF@DF_CAPMF(1.0),Climate actions and policies measurement framework,I,BEL,Belgium,A,Annual,POL_STRINGENCY,Policy stringency,LEV2_SEC_B_MBI,Buildings - Market-based instruments,0_TO_10,0-10 scale,2019,,2.175,,E,Estimated value,0,Units,2,Two
DATAFLOW,OECD.ENV.EPI:DSD_CAPMF@DF_CAPMF(1.0),Climate actions and policies measurement framework,I,BEL,Belgium,A,Annual,POL_STRINGENCY,Policy stringency,LEV2_SEC_B_MBI,Buildings - Market-based instruments,0_TO_10,0-10 scale,2020,,2.175,,E,Estimated value,0,Units,2,Two
DATAFLOW,OECD.ENV.EPI:DSD_CAPMF@DF_CAPMF(1.0),Climate actions and policies measurement framework,I,USA,United States,A,Annual,POL_STRINGENCY,Policy stringency,LEV1_SEC,Sectoral policies,0_TO_10,0-10 scale,2010,,,,Q,Missing value; suppressed,0,Units,2,Two
DATAFLOW,OECD.ENV.EPI:DSD_CAPMF@DF_CAPMF(1.0),Climate actions and policies measurement framework,I,USA,United States,A,Annual,POL_STRINGENCY,Policy stringency,LEV1_SEC,Sectoral policies,0_TO_10,0-10 scale,2011,,,,Q,Missing value; suppressed,0,Units,2,Two
DATAFLOW,OECD.ENV.EPI:DSD_CAPMF@DF_CAPMF(1.0),Climate actions and policies measurement framework,I,USA,United States,A,Annual,POL_STRINGENCY,Policy stringency,LEV1_SEC,Sectoral policies,0_TO_10,0-10 scale,2012,,,,Q,Missing value; suppressed,0,Units,2,Two
DATAFLOW,OECD.ENV.EPI:DSD_CAPMF@DF_CAPMF(1.0),Climate actions and policies measurement framework,I,USA,United States,A,Annual,POL_STRINGENCY,Policy stringency,LEV1_SEC,Sectoral policies,0_TO_10,0-10 scale,2013,,,,Q,Missing value; suppressed,0,Units,2,Two
DATAFLOW,OECD.ENV.EPI:DSD_CAPMF@DF_CAPMF(1.0),Climate actions and policies measurement framework,I,USA,United States,A,Annual,POL_STRINGENCY,Policy stringency,LEV1_SEC,Sectoral policies,0_TO_10,0-10 scale,2014,,,,Q,Missing value; suppressed,0,Units,2,Two
DATAFLOW,OECD.ENV.EPI:DSD_CAPMF@DF_CAPMF(1.0),Climate actions and policies measurement framework,I,USA,United States,A,Annual,POL_STRINGENCY,Policy stringency,LEV1_SEC,Sectoral policies,0_TO_10,0-10 scale,2015,,,,Q,Missing value; suppressed,0,Units,2,Two
DATAFLOW,OECD.ENV.EPI:DSD_CAPMF@DF_CAPMF(1.0),Climate actions and policies measurement framework,I,USA,United States,A,Annual,POL_STRINGENCY,Policy stringency,LEV1_SEC,Sectoral policies,0_TO_10,0-10 scale,2016,,,,Q,Missing value; suppressed,0,Units,2,Two
DATAFLOW,OECD.ENV.EPI:DSD_CAPMF@DF_CAPMF(1.0),Climate actions and policies measurement framework,I,USA,United States,A,Annual,POL_STRINGENCY,Policy stringency,LEV1_SEC,Sectoral policies,0_TO_10,0-10 scale,2017,,,,Q,Missing value; suppressed,0,Units,2,Two
DATAFLOW,OECD.ENV.EPI:DSD_CAPMF@DF_CAPMF(1.0),Climate actions and policies measurement framework,I,USA,United States,A,Annual,POL_STRINGENCY,Policy stringency,LEV1_SEC,Sectoral policies,0_TO_10,0-10 scale,2018,,,,Q,Missing value; suppressed,0,Units,2,Two
DATAFLOW,OECD.ENV.EPI:DSD_CAPMF@DF_CAPMF(1.0),Climate actions and policies measurement framework,I,USA,United States,A,Annual,POL_STRINGENCY,Policy stringency,LEV1_SEC,Sectoral policies,0_TO_10,0-10 scale,2019,,,,Q,Missing value; suppressed,0,Units,2,Two
DATAFLOW,OECD.ENV.EPI:DSD_CAPMF@DF_CAPMF(1.0),Climate actions and policies measurement framework,I,USA,United States,A,Annual,POL_STRINGENCY,Policy stringency,LEV1_SEC,Sectoral policies,0_TO_10,0-10 scale,2020,,,,Q,Missing value; suppressed,0,Units,2,Two
DATAFLOW,OECD.ENV.EPI:DSD_CAPMF@DF_CAPMF(1.0),Climate actions and policies measurement framework,I,SWE,Sweden,A,Annual,POL_STRINGENCY,Policy stringency,LEV2_SEC_B_MBI,Buildings - Market-based instruments,0_TO_10,0-10 scale,2010,,4.4749999,,E,Estimated value,0,Units,2,Two
DATAFLOW,OECD.ENV.EPI:DSD_CAPMF@DF_CAPMF(1.0),Climate actions and policies measurement framework,I,SWE,Sweden,A,Annual,POL_STRINGENCY,Policy stringency,LEV2_SEC_B_MBI,Buildings - Market-based instruments,0_TO_10,0-10 scale,2011,,4.5999999,,E,Estimated value,0,Units,2,Two
DATAFLOW,OECD.ENV.EPI:DSD_CAPMF@DF_CAPMF(1.0),Climate actions and policies measurement framework,I,SWE,Sweden,A,Annual,POL_STRINGENCY,Policy stringency,LEV2_SEC_B_MBI,Buildings - Market-based instruments,0_TO_10,0-10 scale,2012,,4.5999999,,E,Estimated value,0,Units,2,Two
DATAFLOW,OECD.ENV.EPI:DSD_CAPMF@DF_CAPMF(1.0),Climate actions and policies measurement framework,I,SWE,Sweden,A,Annual,POL_STRINGENCY,Policy stringency,LEV2_SEC_B_MBI,Buildings - Market-based instruments,0_TO_10,0-10 scale,2013,,4.5999999,,E,Estimated value,0,Units,2,Two
DATAFLOW,OECD.ENV.EPI:DSD_CAPMF@DF_CAPMF(1.0),Climate actions and policies measurement framework,I,SWE,Sweden,A,Annual,POL_STRINGENCY,Policy stringency,LEV2_SEC_B_MBI,Buildings - Market-based instruments,0_TO_10,0-10 scale,2014,,4.5999999,,E,Estimated value,0,Units,2,Two
DATAFLOW,OECD.ENV.EPI:DSD_CAPMF@DF_CAPMF(1.0),Climate actions and policies measurement framework,I,SWE,Sweden,A,Annual,POL_STRINGENCY,Policy stringency,LEV2_SEC_B_MBI,Buildings - Market-based instruments,0_TO_10,0-10 scale,2015,,4.5999999,,E,Estimated value,0,Units,2,Two
DATAFLOW,OECD.ENV.EPI:DSD_CAPMF@DF_CAPMF(1.0),Climate actions and policies measurement framework,I,SWE,Sweden,A,Annual,POL_STRINGENCY,Policy stringency,LEV2_SEC_B_MBI,Buildings - Market-based instruments,0_TO_10,0-10 scale,2016,,4.5999999,,E,Estimated value,0,Units,2,Two
DATAFLOW,OECD.ENV.EPI:DSD_CAPMF@DF_CAPMF(1.0),Climate actions and policies measurement framework,I,SWE,Sweden,A,Annual,POL_STRINGENCY,Policy stringency,LEV2_SEC_B_MBI,Buildings - Market-based instruments,0_TO_10,0-10 scale,2017,,4.5999999,,E,Estimated value,0,Units,2,Two
DATAFLOW,OECD.ENV.EPI:DSD_CAPMF@DF_CAPMF(1.0),Climate actions and policies measurement framework,I,SWE,Sweden,A,Annual,POL_STRINGENCY,Policy stringency,LEV2_SEC_B_MBI,Buildings - Market-based instruments,0_TO_10,0-10 scale,2018,,4.5999999,,E,Estimated value,0,Units,2,Two
DATAFLOW,OECD.ENV.EPI:DSD_CAPMF@DF_CAPMF(1.0),Climate actions and policies measurement framework,I,SWE,Sweden,A,Annual,POL_STRINGENCY,Policy stringency,LEV2_SEC_B_MBI,Buildings - Market-based instruments,0_TO_10,0-10 scale,2019,,4.5749998,,E,Estimated value,0,Units,2,Two
DATAFLOW,OECD.ENV.EPI:DSD_CAPMF@DF_CAPMF(1.0),Climate actions and policies measurement framework,I,SWE,Sweden,A,Annual,POL_STRINGENCY,Policy stringency,LEV2_SEC_B_MBI,Buildings - Market-based instruments,0_TO_10,0-10 scale,2020,,4.5749998,,E,Estimated value,0,Units,2,Two
DATAFLOW,OECD.ENV.EPI:DSD_CAPMF@DF_CAPMF(1.0),Climate actions and policies measurement framework,I,GBR,United Kingdom,A,Annual,POL_STRINGENCY,Policy stringency,LEV1_CROSS_SEC,Cross-sectoral policies,0_TO_10,0-10 scale,2010,,5.1166668,,E,Estimated value,0,Units,2,Two
DATAFLOW,OECD.ENV.EPI:DSD_CAPMF@DF_CAPMF(1.0),Climate actions and policies measurement framework,I,GBR,United Kingdom,A,Annual,POL_STRINGENCY,Policy stringency,LEV1_CROSS_SEC,Cross-sectoral policies,0_TO_10,0-10 scale,2011,,4.8000002,,E,Estimated value,0,Units,2,Two
DATAFLOW,OECD.ENV.EPI:DSD_CAPMF@DF_CAPMF(1.0),Climate actions and policies measurement framework,I,GBR,United Kingdom,A,Annual,POL_STRINGENCY,Policy stringency,LEV1_CROSS_SEC,Cross-sectoral policies,0_TO_10,0-10 scale,2012,,4.6166668,,E,Estimated value,0,Units,2,Two
DATAFLOW,OECD.ENV.EPI:DSD_CAPMF@DF_CAPMF(1.0),Climate actions and policies measurement framework,I,GBR,United Kingdom,A,Annual,POL_STRINGENCY,Policy stringency,LEV1_CROSS_SEC,Cross-sectoral policies,0_TO_10,0-10 scale,2013,,4.2416668,,E,Estimated value,0,Units,2,Two
DATAFLOW,OECD.ENV.EPI:DSD_CAPMF@DF_CAPMF(1.0),Climate actions and policies measurement framework,I,GBR,United Kingdom,A,Annual,POL_STRINGENCY,Policy stringency,LEV1_CROSS_SEC,Cross-sectoral policies,0_TO_10,0-10 scale,2014,,4.125,,E,Estimated value,0,Units,2,Two
DATAFLOW,OECD.ENV.EPI:DSD_CAPMF@DF_CAPMF(1.0),Climate actions and policies measurement framework,I,GBR,United Kingdom,A,Annual,POL_STRINGENCY,Policy stringency,LEV1_CROSS_SEC,Cross-sectoral policies,0_TO_10,0-10 scale,2015,,4.3083334,,E,Estimated value,0,Units,2,Two
DATAFLOW,OECD.ENV.EPI:DSD_CAPMF@DF_CAPMF(1.0),Climate actions and policies measurement framework,I,GBR,United Kingdom,A,Annual,POL_STRINGENCY,Policy stringency,LEV1_CROSS_SEC,Cross-sectoral policies,0_TO_10,0-10 scale,2016,,6.2395835,,A,Normal value,0,Units,2,Two
DATAFLOW,OECD.ENV.EPI:DSD_CAPMF@DF_CAPMF(1.0),Climate actions and policies measurement framework,I,GBR,United Kingdom,A,Annual,POL_STRINGENCY,Policy stringency,LEV1_CROSS_SEC,Cross-sectoral policies,0_TO_10,0-10 scale,2017,,6.3729167,,A,Normal value,0,Units,2,Two
DATAFLOW,OECD.ENV.EPI:DSD_CAPMF@DF_CAPMF(1.0),Climate actions and policies measurement framework,I,GBR,United Kingdom,A,Annual,POL_STRINGENCY,Policy stringency,LEV1_CROSS_SEC,Cross-sectoral policies,0_TO_10,0-10 scale,2018,,6.7624998,,A,Normal value,0,Units,2,Two
DATAFLOW,OECD.ENV.EPI:DSD_CAPMF@DF_CAPMF(1.0),Climate actions and policies measurement framework,I,GBR,United Kingdom,A,Annual,POL_STRINGENCY,Policy stringency,LEV1_CROSS_SEC,Cross-sectoral policies,0_TO_10,0-10 scale,2019,,6.9229164,,A,Normal value,0,Units,2,Two
DATAFLOW,OECD.ENV.EPI:DSD_CAPMF@DF_CAPMF(1.0),Climate actions and policies measurement framework,I,GBR,United Kingdom,A,Annual,POL_STRINGENCY,Policy stringency,LEV1_CROSS_SEC,Cross-sectoral policies,0_TO_10,0-10 scale,2020,,7.1479168,,A,Normal value,0,Units,2,Two
DATAFLOW,OECD.ENV.EPI:DSD_CAPMF@DF_CAPMF(1.0),Climate actions and policies measurement framework,I,GBR,United Kingdom,A,Annual,POL_STRINGENCY,Policy stringency,LEV2_SEC_B_MBI,Buildings - Market-based instruments,0_TO_10,0-10 scale,2010,,2.5999999,,E,Estimated value,0,Units,2,Two
DATAFLOW,OECD.ENV.EPI:DSD_CAPMF@DF_CAPMF(1.0),Climate actions and policies measurement framework,I,GBR,United Kingdom,A,Annual,POL_STRINGENCY,Policy stringency,LEV2_SEC_B_MBI,Buildings - Market-based instruments,0_TO_10,0-10 scale,2011,,2.5999999,,E,Estimated value,0,Units,2,Two
DATAFLOW,OECD.ENV.EPI:DSD_CAPMF@DF_CAPMF(1.0),Climate actions and policies measurement framework,I,GBR,United Kingdom,A,Annual,POL_STRINGENCY,Policy stringency,LEV2_SEC_B_MBI,Buildings - Market-based instruments,0_TO_10,0-10 scale,2012,,2.5999999,,E,Estimated value,0,Units,2,Two
DATAFLOW,OECD.ENV.EPI:DSD_CAPMF@DF_CAPMF(1.0),Climate actions and policies measurement framework,I,GBR,United Kingdom,A,Annual,POL_STRINGENCY,Policy stringency,LEV2_SEC_B_MBI,Buildings - Market-based instruments,0_TO_10,0-10 scale,2013,,2.5999999,,E,Estimated value,0,Units,2,Two
DATAFLOW,OECD.ENV.EPI:DSD_CAPMF@DF_CAPMF(1.0),Climate actions and policies measurement framework,I,GBR,United Kingdom,A,Annual,POL_STRINGENCY,Policy stringency,LEV2_SEC_B_MBI,Buildings - Market-based instruments,0_TO_10,0-10 scale,2014,,2.5999999,,E,Estimated value,0,Units,2,Two
DATAFLOW,OECD.ENV.EPI:DSD_CAPMF@DF_CAPMF(1.0),Climate actions and policies measurement framework,I,GBR,United Kingdom,A,Annual,POL_STRINGENCY,Policy stringency,LEV2_SEC_B_MBI,Buildings - Market-based instruments,0_TO_10,0-10 scale,2015,,2.5999999,,E,Estimated value,0,Units,2,Two
DATAFLOW,OECD.ENV.EPI:DSD_CAPMF@DF_CAPMF(1.0),Climate actions and policies measurement framework,I,GBR,United Kingdom,A,Annual,POL_STRINGENCY,Policy stringency,LEV2_SEC_B_MBI,Buildings - Market-based instruments,0_TO_10,0-10 scale,2016,,2.5999999,,E,Estimated value,0,Units,2,Two
DATAFLOW,OECD.ENV.EPI:DSD_CAPMF@DF_CAPMF(1.0),Climate actions and policies measurement framework,I,GBR,United Kingdom,A,Annual,POL_STRINGENCY,Policy stringency,LEV2_SEC_B_MBI,Buildings - Market-based instruments,0_TO_10,0-10 scale,2017,,2.5999999,,E,Estimated value,0,Units,2,Two
DATAFLOW,OECD.ENV.EPI:DSD_CAPMF@DF_CAPMF(1.0),Climate actions and policies measurement framework,I,GBR,United Kingdom,A,Annual,POL_STRINGENCY,Policy stringency,LEV2_SEC_B_MBI,Buildings - Market-based instruments,0_TO_10,0-10 scale,2018,,2.5999999,,E,Estimated value,0,Units,2,Two
DATAFLOW,OECD.ENV.EPI:DSD_CAPMF@DF_CAPMF(1.0),Climate actions and policies measurement framework,I,GBR,United Kingdom,A,Annual,POL_STRINGENCY,Policy stringency,LEV2_SEC_B_MBI,Buildings - Market-based instruments,0_TO_10,0-10 scale,2019,,2.5999999,,E,Estimated value,0,Units,2,Two
DATAFLOW,OECD.ENV.EPI:DSD_CAPMF@DF_CAPMF(1.0),Climate actions and policies measurement framework,I,GBR,United Kingdom,A,Annual,POL_STRINGENCY,Policy stringency,LEV2_SEC_B_MBI,Buildings - Market-based instruments,0_TO_10,0-10 scale,2020,,2.5999999,,E,Estimated value,0,Units,2,Two
DATAFLOW,OECD.ENV.EPI:DSD_CAPMF@DF_CAPMF(1.0),Climate actions and policies measurement framework,I,FRA,France,A,Annual,POL_STRINGENCY,Policy stringency,LEV1_SEC,Sectoral policies,0_TO_10,0-10 scale,2010,,3.5520833,,E,Estimated value,0,Units,2,Two
DATAFLOW,OECD.ENV.EPI:DSD_CAPMF@DF_CAPMF(1.0),Climate actions and policies measurement framework,I,FRA,France,A,Annual,POL_STRINGENCY,Policy stringency,LEV1_SEC,Sectoral policies,0_TO_10,0-10 scale,2011,,4.0449405,,E,Estimated value,0,Units,2,Two
DATAFLOW,OECD.ENV.EPI:DSD_CAPMF@DF_CAPMF(1.0),Climate actions and policies measurement framework,I,FRA,France,A,Annual,POL_STRINGENCY,Policy stringency,LEV1_SEC,Sectoral policies,0_TO_10,0-10 scale,2012,,3.9726191,,E,Estimated value,0,Units,2,Two
DATAFLOW,OECD.ENV.EPI:DSD_CAPMF@DF_CAPMF(1.0),Climate actions and policies measurement framework,I,FRA,France,A,Annual,POL_STRINGENCY,Policy stringency,LEV1_SEC,Sectoral policies,0_TO_10,0-10 scale,2013,,4.2877975,,E,Estimated value,0,Units,2,Two
DATAFLOW,OECD.ENV.EPI:DSD_CAPMF@DF_CAPMF(1.0),Climate actions and policies measurement framework,I,FRA,France,A,Annual,POL_STRINGENCY,Policy stringency,LEV1_SEC,Sectoral policies,0_TO_10,0-10 scale,2014,,4.5761905,,E,Estimated value,0,Units,2,Two
DATAFLOW,OECD.ENV.EPI:DSD_CAPMF@DF_CAPMF(1.0),Climate actions and policies measurement framework,I,FRA,France,A,Annual,POL_STRINGENCY,Policy stringency,LEV1_SEC,Sectoral policies,0_TO_10,0-10 scale,2015,,4.6537204,,E,Estimated value,0,Units,2,Two
DATAFLOW,OECD.ENV.EPI:DSD_CAPMF@DF_CAPMF(1.0),Climate actions and policies measurement framework,I,FRA,France,A,Annual,POL_STRINGENCY,Policy stringency,LEV1_SEC,Sectoral policies,0_TO_10,0-10 scale,2016,,4.7537203,,E,Estimated value,0,Units,2,Two
DATAFLOW,OECD.ENV.EPI:DSD_CAPMF@DF_CAPMF(1.0),Climate actions and policies measurement framework,I,FRA,France,A,Annual,POL_STRINGENCY,Policy stringency,LEV1_SEC,Sectoral policies,0_TO_10,0-10 scale,2017,,5.0910716,,E,Estimated value,0,Units,2,Two
DATAFLOW,OECD.ENV.EPI:DSD_CAPMF@DF_CAPMF(1.0),Climate actions and policies measurement framework,I,FRA,France,A,Annual,POL_STRINGENCY,Policy stringency,LEV1_SEC,Sectoral policies,0_TO_10,0-10 scale,2018,,5.1949406,,E,Estimated value,0,Units,2,Two
DATAFLOW,OECD.ENV.EPI:DSD_CAPMF@DF_CAPMF(1.0),Climate actions and policies measurement framework,I,FRA,France,A,Annual,POL_STRINGENCY,Policy stringency,LEV1_SEC,Sectoral policies,0_TO_10,0-10 scale,2019,,5.3879466,,E,Estimated value,0,Units,2,Two
DATAFLOW,OECD.ENV.EPI:DSD_CAPMF@DF_CAPMF(1.0),Climate actions and policies measurement framework,I,FRA,France,A,Annual,POL_STRINGENCY,Policy stringency,LEV1_SEC,Sectoral policies,0_TO_10,0-10 scale,2020,,5.758482,,E,Estimated value,0,Units,2,Two
DATAFLOW,OECD.ENV.EPI:DSD_CAPMF@DF_CAPMF(1.0),Climate actions and policies measurement framework,I,FRA,France,A,Annual,POL_STRINGENCY,Policy stringency,LEV1_CROSS_SEC,Cross-sectoral policies,0_TO_10,0-10 scale,2010,,3.125,,E,Estimated value,0,Units,2,Two
DATAFLOW,OECD.ENV.EPI:DSD_CAPMF@DF_CAPMF(1.0),Climate actions and policies measurement framework,I,FRA,France,A,Annual,POL_STRINGENCY,Policy stringency,LEV1_CROSS_SEC,Cross-sectoral policies,0_TO_10,0-10 scale,2011,,3.25,,E,Estimated value,0,Units,2,Two
DATAFLOW,OECD.ENV.EPI:DSD_CAPMF@DF_CAPMF(1.0),Climate actions and policies measurement framework,I,FRA,France,A,Annual,POL_STRINGENCY,Policy stringency,LEV1_CROSS_SEC,Cross-sectoral policies,0_TO_10,0-10 scale,2012,,3.2916667,,E,Estimated value,0,Units,2,Two
DATAFLOW,OECD.ENV.EPI:DSD_CAPMF@DF_CAPMF(1.0),Climate actions and policies measurement framework,I,FRA,France,A,Annual,POL_STRINGENCY,Policy stringency,LEV1_CROSS_SEC,Cross-sectoral policies,0_TO_10,0-10 scale,2013,,3.25,,E,Estimated value,0,Units,2,Two
DATAFLOW,OECD.ENV.EPI:DSD_CAPMF@DF_CAPMF(1.0),Climate actions and policies measurement framework,I,FRA,France,A,Annual,POL_STRINGENCY,Policy stringency,LEV1_CROSS_SEC,Cross-sectoral policies,0_TO_10,0-10 scale,2014,,3.25,,E,Estimated value,0,Units,2,Two
DATAFLOW,OECD.ENV.EPI:DSD_CAPMF@DF_CAPMF(1.0),Climate actions and policies measurement framework,I,FRA,France,A,Annual,POL_STRINGENCY,Policy stringency,LEV1_CROSS_SEC,Cross-sectoral policies,0_TO_10,0-10 scale,2015,,3.3333333,,E,Estimated value,0,Units,2,Two
DATAFLOW,OECD.ENV.EPI:DSD_CAPMF@DF_CAPMF(1.0),Climate actions and policies measurement framework,I,FRA,France,A,Annual,POL_STRINGENCY,Policy stringency,LEV1_CROSS_SEC,Cross-sectoral policies,0_TO_10,0-10 scale,2016,,4.145833,,E,Estimated value,0,Units,2,Two
DATAFLOW,OECD.ENV.EPI:DSD_CAPMF@DF_CAPMF(1.0),Climate actions and policies measurement framework,I,FRA,France,A,Annual,POL_STRINGENCY,Policy stringency,LEV1_CROSS_SEC,Cross-sectoral policies,0_TO_10,0-10 scale,2017,,5.3333335,,E,Estimated value,0,Units,2,Two
DATAFLOW,OECD.ENV.EPI:DSD_CAPMF@DF_CAPMF(1.0),Climate actions and policies measurement framework,I,FRA,France,A,Annual,POL_STRINGENCY,Policy stringency,LEV1_CROSS_SEC,Cross-sectoral policies,0_TO_10,0-10 scale,2018,,5.96875,,E,Estimated value,0,Units,2,Two
DATAFLOW,OECD.ENV.EPI:DSD_CAPMF@DF_CAPMF(1.0),Climate actions and policies measurement framework,I,FRA,France,A,Annual,POL_STRINGENCY,Policy stringency,LEV1_CROSS_SEC,Cross-sectoral policies,0_TO_10,0-10 scale,2019,,7.4250002,,E,Estimated value,0,Units,2,Two
DATAFLOW,OECD.ENV.EPI:DSD_CAPMF@DF_CAPMF(1.0),Climate actions and policies measurement framework,I,FRA,France,A,Annual,POL_STRINGENCY,Policy stringency,LEV1_CROSS_SEC,Cross-sectoral policies,0_TO_10,0-10 scale,2020,,7.5916667,,E,Estimated value,0,Units,2,Two
DATAFLOW,OECD.ENV.EPI:DSD_CAPMF@DF_CAPMF(1.0),Climate actions and policies measurement framework,I,SWE,Sweden,A,Annual,POL_STRINGENCY,Policy stringency,LEV2_SEC_B_NMBI,Buildings - Non market-based instruments,0_TO_10,0-10 scale,2010,,5.8125,,A,Normal value,0,Units,2,Two
DATAFLOW,OECD.ENV.EPI:DSD_CAPMF@DF_CAPMF(1.0),Climate actions and policies measurement framework,I,SWE,Sweden,A,Annual,POL_STRINGENCY,Policy stringency,LEV2_SEC_B_NMBI,Buildings - Non market-based instruments,0_TO_10,0-10 scale,2011,,5.8125,,A,Normal value,0,Units,2,Two
DATAFLOW,OECD.ENV.EPI:DSD_CAPMF@DF_CAPMF(1.0),Climate actions and policies measurement framework,I,SWE,Sweden,A,Annual,POL_STRINGENCY,Policy stringency,LEV2_SEC_B_NMBI,Buildings - Non market-based instruments,0_TO_10,0-10 scale,2012,,5.8125,,A,Normal value,0,Units,2,Two
DATAFLOW,OECD.ENV.EPI:DSD_CAPMF@DF_CAPMF(1.0),Climate actions and policies measurement framework,I,SWE,Sweden,A,Annual,POL_STRINGENCY,Policy stringency,LEV2_SEC_B_NMBI,Buildings - Non market-based instruments,0_TO_10,0-10 scale,2013,,7.0625,,A,Normal value,0,Units,2,Two
DATAFLOW,OECD.ENV.EPI:DSD_CAPMF@DF_CAPMF(1.0),Climate actions and policies measurement framework,I,SWE,Sweden,A,Annual,POL_STRINGENCY,Policy stringency,LEV2_SEC_B_NMBI,Buildings - Non market-based instruments,0_TO_10,0-10 scale,2014,,8.3125,,A,Normal value,0,Units,2,Two
DATAFLOW,OECD.ENV.EPI:DSD_CAPMF@DF_CAPMF(1.0),Climate actions and policies measurement framework,I,SWE,Sweden,A,Annual,POL_STRINGENCY,Policy stringency,LEV2_SEC_B_NMBI,Buildings - Non market-based instruments,0_TO_10,0-10 scale,2015,,8.3125,,A,Normal value,0,Units,2,Two
DATAFLOW,OECD.ENV.EPI:DSD_CAPMF@DF_CAPMF(1.0),Climate actions and policies measurement framework,I,SWE,Sweden,A,Annual,POL_STRINGENCY,Policy stringency,LEV2_SEC_B_NMBI,Buildings - Non market-based instruments,0_TO_10,0-10 scale,2016,,8.3125,,A,Normal value,0,Units,2,Two
DATAFLOW,OECD.ENV.EPI:DSD_CAPMF@DF_CAPMF(1.0),Climate actions and policies measurement framework,I,SWE,Sweden,A,Annual,POL_STRINGENCY,Policy stringency,LEV2_SEC_B_NMBI,Buildings - Non market-based instruments,0_TO_10,0-10 scale,2017,,8.3125,,A,Normal value,0,Units,2,Two
DATAFLOW,OECD.ENV.EPI:DSD_CAPMF@DF_CAPMF(1.0),Climate actions and policies measurement framework,I,SWE,Sweden,A,Annual,POL_STRINGENCY,Policy stringency,LEV2_SEC_B_NMBI,Buildings - Non market-based instruments,0_TO_10,0-10 scale,2018,,8.3125,,A,Normal value,0,Units,2,Two
DATAFLOW,OECD.ENV.EPI:DSD_CAPMF@DF_CAPMF(1.0),Climate actions and policies measurement framework,I,SWE,Sweden,A,Annual,POL_STRINGENCY,Policy stringency,LEV2_SEC_B_NMBI,Buildings - Non market-based instruments,0_TO_10,0-10 scale,2019,,8.3125,,A,Normal value,0,Units,2,Two
DATAFLOW,OECD.ENV.EPI:DSD_CAPMF@DF_CAPMF(1.0),Climate actions and policies measurement framework,I,SWE,Sweden,A,Annual,POL_STRINGENCY,Policy stringency,LEV2_SEC_B_NMBI,Buildings - Non market-based instruments,0_TO_10,0-10 scale,2020,,8.75,,A,Normal value,0,Units,2,Two
DATAFLOW,OECD.ENV.EPI:DSD_CAPMF@DF_CAPMF(1.0),Climate actions and policies measurement framework,I,ISR,Israel,A,Annual,POL_STRINGENCY,Policy stringency,LEV2_SEC_B_MBI,Buildings - Market-based instruments,0_TO_10,0-10 scale,2010,,2.3499999,,E,Estimated value,0,Units,2,Two
DATAFLOW,OECD.ENV.EPI:DSD_CAPMF@DF_CAPMF(1.0),Climate actions and policies measurement framework,I,ISR,Israel,A,Annual,POL_STRINGENCY,Policy stringency,LEV2_SEC_B_MBI,Buildings - Market-based instruments,0_TO_10,0-10 scale,2011,,2.7,,E,Estimated value,0,Units,2,Two
DATAFLOW,OECD.ENV.EPI:DSD_CAPMF@DF_CAPMF(1.0),Climate actions and policies measurement framework,I,ISR,Israel,A,Annual,POL_STRINGENCY,Policy stringency,LEV2_SEC_B_MBI,Buildings - Market-based instruments,0_TO_10,0-10 scale,2012,,2.6500001,,E,Estimated value,0,Units,2,Two
DATAFLOW,OECD.ENV.EPI:DSD_CAPMF@DF_CAPMF(1.0),Climate actions and policies measurement framework,I,ISR,Israel,A,Annual,POL_STRINGENCY,Policy stringency,LEV2_SEC_B_MBI,Buildings - Market-based instruments,0_TO_10,0-10 scale,2013,,2.7249999,,E,Estimated value,0,Units,2,Two
DATAFLOW,OECD.ENV.EPI:DSD_CAPMF@DF_CAPMF(1.0),Climate actions and policies measurement framework,I,ISR,Israel,A,Annual,POL_STRINGENCY,Policy stringency,LEV2_SEC_B_MBI,Buildings - Market-based instruments,0_TO_10,0-10 scale,2014,,2.75,,E,Estimated value,0,Units,2,Two
DATAFLOW,OECD.ENV.EPI:DSD_CAPMF@DF_CAPMF(1.0),Climate actions and policies measurement framework,I,ISR,Israel,A,Annual,POL_STRINGENCY,Policy stringency,LEV2_SEC_B_MBI,Buildings - Market-based instruments,0_TO_10,0-10 scale,2015,,3.6500001,,E,Estimated value,0,Units,2,Two
DATAFLOW,OECD.ENV.EPI:DSD_CAPMF@DF_CAPMF(1.0),Climate actions and policies measurement framework,I,ISR,Israel,A,Annual,POL_STRINGENCY,Policy stringency,LEV2_SEC_B_MBI,Buildings - Market-based instruments,0_TO_10,0-10 scale,2016,,3.675,,E,Estimated value,0,Units,2,Two
DATAFLOW,OECD.ENV.EPI:DSD_CAPMF@DF_CAPMF(1.0),Climate actions and policies measurement framework,I,ISR,Israel,A,Annual,POL_STRINGENCY,Policy stringency,LEV2_SEC_B_MBI,Buildings - Market-based instruments,0_TO_10,0-10 scale,2017,,3.7249999,,E,Estimated value,0,Units,2,Two
DATAFLOW,OECD.ENV.EPI:DSD_CAPMF@DF_CAPMF(1.0),Climate actions and policies measurement framework,I,ISR,Israel,A,Annual,POL_STRINGENCY,Policy stringency,LEV2_SEC_B_MBI,Buildings - Market-based instruments,0_TO_10,0-10 scale,2018,,4.25,,E,Estimated value,0,Units,2,Two
DATAFLOW,OECD.ENV.EPI:DSD_CAPMF@DF_CAPMF(1.0),Climate actions and policies measurement framework,I,ISR,Israel,A,Annual,POL_STRINGENCY,Policy stringency,LEV2_SEC_B_MBI,Buildings - Market-based instruments,0_TO_10,0-10 scale,2019,,4.25,,E,Estimated value,0,Units,2,Two
DATAFLOW,OECD.ENV.EPI:DSD_CAPMF@DF_CAPMF(1.0),Climate actions and policies measurement framework,I,ISR,Israel,A,Annual,POL_STRINGENCY,Policy stringency,LEV2_SEC_B_MBI,Buildings - Market-based instruments,0_TO_10,0-10 scale,2020,,4.3000002,,E,Estimated value,0,Units,2,Two
DATAFLOW,OECD.ENV.EPI:DSD_CAPMF@DF_CAPMF(1.0),Climate actions and policies measurement framework,I,BEL,Belgium,A,Annual,POL_STRINGENCY,Policy stringency,LEV1_SEC,Sectoral policies,0_TO_10,0-10 scale,2010,,3.7104168,,E,Estimated value,0,Units,2,Two
DATAFLOW,OECD.ENV.EPI:DSD_CAPMF@DF_CAPMF(1.0),Climate actions and policies measurement framework,I,BEL,Belgium,A,Annual,POL_STRINGENCY,Policy stringency,LEV1_SEC,Sectoral policies,0_TO_10,0-10 scale,2011,,4.0958333,,E,Estimated value,0,Units,2,Two
DATAFLOW,OECD.ENV.EPI:DSD_CAPMF@DF_CAPMF(1.0),Climate actions and policies measurement framework,I,BEL,Belgium,A,Annual,POL_STRINGENCY,Policy stringency,LEV1_SEC,Sectoral policies,0_TO_10,0-10 scale,2012,,4.2552085,,E,Estimated value,0,Units,2,Two
DATAFLOW,OECD.ENV.EPI:DSD_CAPMF@DF_CAPMF(1.0),Climate actions and policies measurement framework,I,BEL,Belgium,A,Annual,POL_STRINGENCY,Policy stringency,LEV1_SEC,Sectoral policies,0_TO_10,0-10 scale,2013,,4.4739585,,E,Estimated value,0,Units,2,Two
DATAFLOW,OECD.ENV.EPI:DSD_CAPMF@DF_CAPMF(1.0),Climate actions and policies measurement framework,I,BEL,Belgium,A,Annual,POL_STRINGENCY,Policy stringency,LEV1_SEC,Sectoral policies,0_TO_10,0-10 scale,2014,,4.53125,,E,Estimated value,0,Units,2,Two
DATAFLOW,OECD.ENV.EPI:DSD_CAPMF@DF_CAPMF(1.0),Climate actions and policies measurement framework,I,BEL,Belgium,A,Annual,POL_STRINGENCY,Policy stringency,LEV1_SEC,Sectoral policies,0_TO_10,0-10 scale,2015,,4.6447916,,E,Estimated value,0,Units,2,Two
DATAFLOW,OECD.ENV.EPI:DSD_CAPMF@DF_CAPMF(1.0),Climate actions and policies measurement framework,I,BEL,Belgium,A,Annual,POL_STRINGENCY,Policy stringency,LEV1_SEC,Sectoral policies,0_TO_10,0-10 scale,2016,,4.71875,,E,Estimated value,0,Units,2,Two
DATAFLOW,OECD.ENV.EPI:DSD_CAPMF@DF_CAPMF(1.0),Climate actions and policies measurement framework,I,BEL,Belgium,A,Annual,POL_STRINGENCY,Policy stringency,LEV1_SEC,Sectoral policies,0_TO_10,0-10 scale,2017,,4.9416666,,E,Estimated value,0,Units,2,Two
DATAFLOW,OECD.ENV.EPI:DSD_CAPMF@DF_CAPMF(1.0),Climate actions and policies measurement framework,I,BEL,Belgium,A,Annual,POL_STRINGENCY,Policy stringency,LEV1_SEC,Sectoral policies,0_TO_10,0-10 scale,2018,,5.0843749,,E,Estimated value,0,Units,2,Two
DATAFLOW,OECD.ENV.EPI:DSD_CAPMF@DF_CAPMF(1.0),Climate actions and policies measurement framework,I,BEL,Belgium,A,Annual,POL_STRINGENCY,Policy stringency,LEV1_SEC,Sectoral policies,0_TO_10,0-10 scale,2019,,5.3338542,,E,Estimated value,0,Units,2,Two
DATAFLOW,OECD.ENV.EPI:DSD_CAPMF@DF_CAPMF(1.0),Climate actions and policies measurement framework,I,BEL,Belgium,A,Annual,POL_STRINGENCY,Policy stringency,LEV1_SEC,Sectoral policies,0_TO_10,0-10 scale,2020,,5.3848958,,E,Estimated value,0,Units,2,Two
DATAFLOW,OECD.ENV.EPI:DSD_CAPMF@DF_CAPMF(1.0),Climate actions and policies measurement framework,I,ISR,Israel,A,Annual,POL_STRINGENCY,Policy stringency,LEV2_SEC_B_NMBI,Buildings - Non market-based instruments,0_TO_10,0-10 scale,2010,,4.375,,A,Normal value,0,Units,2,Two
DATAFLOW,OECD.ENV.EPI:DSD_CAPMF@DF_CAPMF(1.0),Climate actions and policies measurement framework,I,ISR,Israel,A,Annual,POL_STRINGENCY,Policy stringency,LEV2_SEC_B_NMBI,Buildings - Non market-based instruments,0_TO_10,0-10 scale,2011,,4.375,,A,Normal value,0,Units,2,Two
DATAFLOW,OECD.ENV.EPI:DSD_CAPMF@DF_CAPMF(1.0),Climate actions and policies measurement framework,I,ISR,Israel,A,Annual,POL_STRINGENCY,Policy stringency,LEV2_SEC_B_NMBI,Buildings - Non market-based instruments,0_TO_10,0-10 scale,2012,,4.375,,A,Normal value,0,Units,2,Two
DATAFLOW,OECD.ENV.EPI:DSD_CAPMF@DF_CAPMF(1.0),Climate actions and policies measurement framework,I,ISR,Israel,A,Annual,POL_STRINGENCY,Policy stringency,LEV2_SEC_B_NMBI,Buildings - Non market-based instruments,0_TO_10,0-10 scale,2013,,4.375,,A,Normal value,0,Units,2,Two
DATAFLOW,OECD.ENV.EPI:DSD_CAPMF@DF_CAPMF(1.0),Climate actions and policies measurement framework,I,ISR,Israel,A,Annual,POL_STRINGENCY,Policy stringency,LEV2_SEC_B_NMBI,Buildings - Non market-based instruments,0_TO_10,0-10 scale,2014,,5,,A,Normal value,0,Units,2,Two
DATAFLOW,OECD.ENV.EPI:DSD_CAPMF@DF_CAPMF(1.0),Climate actions and policies measurement framework,I,ISR,Israel,A,Annual,POL_STRINGENCY,Policy stringency,LEV2_SEC_B_NMBI,Buildings - Non market-based instruments,0_TO_10,0-10 scale,2015,,5,,A,Normal value,0,Units,2,Two
DATAFLOW,OECD.ENV.EPI:DSD_CAPMF@DF_CAPMF(1.0),Climate actions and policies measurement framework,I,ISR,Israel,A,Annual,POL_STRINGENCY,Policy stringency,LEV2_SEC_B_NMBI,Buildings - Non market-based instruments,0_TO_10,0-10 scale,2016,,5,,A,Normal value,0,Units,2,Two
DATAFLOW,OECD.ENV.EPI:DSD_CAPMF@DF_CAPMF(1.0),Climate actions and policies measurement framework,I,ISR,Israel,A,Annual,POL_STRINGENCY,Policy stringency,LEV2_SEC_B_NMBI,Buildings - Non market-based instruments,0_TO_10,0-10 scale,2017,,5,,A,Normal value,0,Units,2,Two
DATAFLOW,OECD.ENV.EPI:DSD_CAPMF@DF_CAPMF(1.0),Climate actions and policies measurement framework,I,ISR,Israel,A,Annual,POL_STRINGENCY,Policy stringency,LEV2_SEC_B_NMBI,Buildings - Non market-based instruments,0_TO_10,0-10 scale,2018,,5,,A,Normal value,0,Units,2,Two
DATAFLOW,OECD.ENV.EPI:DSD_CAPMF@DF_CAPMF(1.0),Climate actions and policies measurement framework,I,ISR,Israel,A,Annual,POL_STRINGENCY,Policy stringency,LEV2_SEC_B_NMBI,Buildings - Non market-based instruments,0_TO_10,0-10 scale,2019,,5,,A,Normal value,0,Units,2,Two
DATAFLOW,OECD.ENV.EPI:DSD_CAPMF@DF_CAPMF(1.0),Climate actions and policies measurement framework,I,ISR,Israel,A,Annual,POL_STRINGENCY,Policy stringency,LEV2_SEC_B_NMBI,Buildings - Non market-based instruments,0_TO_10,0-10 scale,2020,,5.625,,A,Normal value,0,Units,2,Two
DATAFLOW,OECD.ENV.EPI:DSD_CAPMF@DF_CAPMF(1.0),Climate actions and policies measurement framework,I,NLD,Netherlands,A,Annual,POL_STRINGENCY,Policy stringency,LEV2_SEC_B_MBI,Buildings - Market-based instruments,0_TO_10,0-10 scale,2010,,2.5,,E,Estimated value,0,Units,2,Two
DATAFLOW,OECD.ENV.EPI:DSD_CAPMF@DF_CAPMF(1.0),Climate actions and policies measurement framework,I,NLD,Netherlands,A,Annual,POL_STRINGENCY,Policy stringency,LEV2_SEC_B_MBI,Buildings - Market-based instruments,0_TO_10,0-10 scale,2011,,2.3,,E,Estimated value,0,Units,2,Two
DATAFLOW,OECD.ENV.EPI:DSD_CAPMF@DF_CAPMF(1.0),Climate actions and policies measurement framework,I,NLD,Netherlands,A,Annual,POL_STRINGENCY,Policy stringency,LEV2_SEC_B_MBI,Buildings - Market-based instruments,0_TO_10,0-10 scale,2012,,2.8,,E,Estimated value,0,Units,2,Two
DATAFLOW,OECD.ENV.EPI:DSD_CAPMF@DF_CAPMF(1.0),Climate actions and policies measurement framework,I,NLD,Netherlands,A,Annual,POL_STRINGENCY,Policy stringency,LEV2_SEC_B_MBI,Buildings - Market-based instruments,0_TO_10,0-10 scale,2013,,3.3499999,,E,Estimated value,0,Units,2,Two
DATAFLOW,OECD.ENV.EPI:DSD_CAPMF@DF_CAPMF(1.0),Climate actions and policies measurement framework,I,NLD,Netherlands,A,Annual,POL_STRINGENCY,Policy stringency,LEV2_SEC_B_MBI,Buildings - Market-based instruments,0_TO_10,0-10 scale,2014,,3.45,,E,Estimated value,0,Units,2,Two
DATAFLOW,OECD.ENV.EPI:DSD_CAPMF@DF_CAPMF(1.0),Climate actions and policies measurement framework,I,NLD,Netherlands,A,Annual,POL_STRINGENCY,Policy stringency,LEV2_SEC_B_MBI,Buildings - Market-based instruments,0_TO_10,0-10 scale,2015,,3.45,,E,Estimated value,0,Units,2,Two
DATAFLOW,OECD.ENV.EPI:DSD_CAPMF@DF_CAPMF(1.0),Climate actions and policies measurement framework,I,NLD,Netherlands,A,Annual,POL_STRINGENCY,Policy stringency,LEV2_SEC_B_MBI,Buildings - Market-based instruments,0_TO_10,0-10 scale,2016,,4.4499998,,E,Estimated value,0,Units,2,Two
DATAFLOW,OECD.ENV.EPI:DSD_CAPMF@DF_CAPMF(1.0),Climate actions and policies measurement framework,I,NLD,Netherlands,A,Annual,POL_STRINGENCY,Policy stringency,LEV2_SEC_B_MBI,Buildings - Market-based instruments,0_TO_10,0-10 scale,2017,,4.4499998,,E,Estimated value,0,Units,2,Two
DATAFLOW,OECD.ENV.EPI:DSD_CAPMF@DF_CAPMF(1.0),Climate actions and policies measurement framework,I,NLD,Netherlands,A,Annual,POL_STRINGENCY,Policy stringency,LEV2_SEC_B_MBI,Buildings - Market-based instruments,0_TO_10,0-10 scale,2018,,4.4499998,,E,Estimated value,0,Units,2,Two
DATAFLOW,OECD.ENV.EPI:DSD_CAPMF@DF_CAPMF(1.0),Climate actions and policies measurement framework,I,NLD,Netherlands,A,Annual,POL_STRINGENCY,Policy stringency,LEV2_SEC_B_MBI,Buildings - Market-based instruments,0_TO_10,0-10 scale,2019,,3.05,,E,Estimated value,0,Units,2,Two
DATAFLOW,OECD.ENV.EPI:DSD_CAPMF@DF_CAPMF(1.0),Climate actions and policies measurement framework,I,NLD,Netherlands,A,Annual,POL_STRINGENCY,Policy stringency,LEV2_SEC_B_MBI,Buildings - Market-based instruments,0_TO_10,0-10 scale,2020,,3.05,,E,Estimated value,0,Units,2,Two
DATAFLOW,OECD.ENV.EPI:DSD_CAPMF@DF_CAPMF(1.0),Climate actions and policies measurement framework,I,NLD,Netherlands,A,Annual,POL_STRINGENCY,Policy stringency,LEV2_SEC_B_NMBI,Buildings - Non market-based instruments,0_TO_10,0-10 scale,2010,,3.75,,A,Normal value,0,Units,2,Two
DATAFLOW,OECD.ENV.EPI:DSD_CAPMF@DF_CAPMF(1.0),Climate actions and policies measurement framework,I,NLD,Netherlands,A,Annual,POL_STRINGENCY,Policy stringency,LEV2_SEC_B_NMBI,Buildings - Non market-based instruments,0_TO_10,0-10 scale,2011,,3.75,,A,Normal value,0,Units,2,Two
DATAFLOW,OECD.ENV.EPI:DSD_CAPMF@DF_CAPMF(1.0),Climate actions and policies measurement framework,I,NLD,Netherlands,A,Annual,POL_STRINGENCY,Policy stringency,LEV2_SEC_B_NMBI,Buildings - Non market-based instruments,0_TO_10,0-10 scale,2012,,6.25,,A,Normal value,0,Units,2,Two
DATAFLOW,OECD.ENV.EPI:DSD_CAPMF@DF_CAPMF(1.0),Climate actions and policies measurement framework,I,NLD,Netherlands,A,Annual,POL_STRINGENCY,Policy stringency,LEV2_SEC_B_NMBI,Buildings - Non market-based instruments,0_TO_10,0-10 scale,2013,,7.5,,A,Normal value,0,Units,2,Two
DATAFLOW,OECD.ENV.EPI:DSD_CAPMF@DF_CAPMF(1.0),Climate actions and policies measurement framework,I,NLD,Netherlands,A,Annual,POL_STRINGENCY,Policy stringency,LEV2_SEC_B_NMBI,Buildings - Non market-based instruments,0_TO_10,0-10 scale,2014,,7.5,,A,Normal value,0,Units,2,Two
DATAFLOW,OECD.ENV.EPI:DSD_CAPMF@DF_CAPMF(1.0),Climate actions and policies measurement framework,I,NLD,Netherlands,A,Annual,POL_STRINGENCY,Policy stringency,LEV2_SEC_B_NMBI,Buildings - Non market-based instruments,0_TO_10,0-10 scale,2015,,7.5,,A,Normal value,0,Units,2,Two
DATAFLOW,OECD.ENV.EPI:DSD_CAPMF@DF_CAPMF(1.0),Climate actions and policies measurement framework,I,NLD,Netherlands,A,Annual,POL_STRINGENCY,Policy stringency,LEV2_SEC_B_NMBI,Buildings - Non market-based instruments,0_TO_10,0-10 scale,2016,,7.5,,A,Normal value,0,Units,2,Two
DATAFLOW,OECD.ENV.EPI:DSD_CAPMF@DF_CAPMF(1.0),Climate actions and policies measurement framework,I,NLD,Netherlands,A,Annual,POL_STRINGENCY,Policy stringency,LEV2_SEC_B_NMBI,Buildings - Non market-based instruments,0_TO_10,0-10 scale,2017,,7.5,,A,Normal value,0,Units,2,Two
DATAFLOW,OECD.ENV.EPI:DSD_CAPMF@DF_CAPMF(1.0),Climate actions and policies measurement framework,I,NLD,Netherlands,A,Annual,POL_STRINGENCY,Policy stringency,LEV2_SEC_B_NMBI,Buildings - Non market-based instruments,0_TO_10,0-10 scale,2018,,7.5,,A,Normal value,0,Units,2,Two
DATAFLOW,OECD.ENV.EPI:DSD_CAPMF@DF_CAPMF(1.0),Climate actions and policies measurement framework,I,NLD,Netherlands,A,Annual,POL_STRINGENCY,Policy stringency,LEV2_SEC_B_NMBI,Buildings - Non market-based instruments,0_TO_10,0-10 scale,2019,,7.90625,,A,Normal value,0,Units,2,Two
DATAFLOW,OECD.ENV.EPI:DSD_CAPMF@DF_CAPMF(1.0),Climate actions and policies measurement framework,I,NLD,Netherlands,A,Annual,POL_STRINGENCY,Policy stringency,LEV2_SEC_B_NMBI,Buildings - Non market-based instruments,0_TO_10,0-10 scale,2020,,8.53125,,A,Normal value,0,Units,2,Two
DATAFLOW,OECD.ENV.EPI:DSD_CAPMF@DF_CAPMF(1.0),Climate actions and policies measurement framework,I,CAN,Canada,A,Annual,POL_STRINGENCY,Policy stringency,LEV1_SEC,Sectoral policies,0_TO_10,0-10 scale,2010,,3.6901786,,E,Estimated value,0,Units,2,Two
DATAFLOW,OECD.ENV.EPI:DSD_CAPMF@DF_CAPMF(1.0),Climate actions and policies measurement framework,I,CAN,Canada,A,Annual,POL_STRINGENCY,Policy stringency,LEV1_SEC,Sectoral policies,0_TO_10,0-10 scale,2011,,4.1151786,,E,Estimated value,0,Units,2,Two
DATAFLOW,OECD.ENV.EPI:DSD_CAPMF@DF_CAPMF(1.0),Climate actions and policies measurement framework,I,CAN,Canada,A,Annual,POL_STRINGENCY,Policy stringency,LEV1_SEC,Sectoral policies,0_TO_10,0-10 scale,2012,,4.3068452,,E,Estimated value,0,Units,2,Two
DATAFLOW,OECD.ENV.EPI:DSD_CAPMF@DF_CAPMF(1.0),Climate actions and policies measurement framework,I,CAN,Canada,A,Annual,POL_STRINGENCY,Policy stringency,LEV1_SEC,Sectoral policies,0_TO_10,0-10 scale,2013,,4.9336309,,E,Estimated value,0,Units,2,Two
DATAFLOW,OECD.ENV.EPI:DSD_CAPMF@DF_CAPMF(1.0),Climate actions and policies measurement framework,I,CAN,Canada,A,Annual,POL_STRINGENCY,Policy stringency,LEV1_SEC,Sectoral policies,0_TO_10,0-10 scale,2014,,5.1818452,,E,Estimated value,0,Units,2,Two
DATAFLOW,OECD.ENV.EPI:DSD_CAPMF@DF_CAPMF(1.0),Climate actions and policies measurement framework,I,CAN,Canada,A,Annual,POL_STRINGENCY,Policy stringency,LEV1_SEC,Sectoral policies,0_TO_10,0-10 scale,2015,,4.8550596,,E,Estimated value,0,Units,2,Two
DATAFLOW,OECD.ENV.EPI:DSD_CAPMF@DF_CAPMF(1.0),Climate actions and policies measurement framework,I,CAN,Canada,A,Annual,POL_STRINGENCY,Policy stringency,LEV1_SEC,Sectoral policies,0_TO_10,0-10 scale,2016,,5.4150295,,E,Estimated value,0,Units,2,Two
DATAFLOW,OECD.ENV.EPI:DSD_CAPMF@DF_CAPMF(1.0),Climate actions and policies measurement framework,I,CAN,Canada,A,Annual,POL_STRINGENCY,Policy stringency,LEV1_SEC,Sectoral policies,0_TO_10,0-10 scale,2017,,5.8239584,,E,Estimated value,0,Units,2,Two
DATAFLOW,OECD.ENV.EPI:DSD_CAPMF@DF_CAPMF(1.0),Climate actions and policies measurement framework,I,CAN,Canada,A,Annual,POL_STRINGENCY,Policy stringency,LEV1_SEC,Sectoral policies,0_TO_10,0-10 scale,2018,,5.6227679,,E,Estimated value,0,Units,2,Two
DATAFLOW,OECD.ENV.EPI:DSD_CAPMF@DF_CAPMF(1.0),Climate actions and policies measurement framework,I,CAN,Canada,A,Annual,POL_STRINGENCY,Policy stringency,LEV1_SEC,Sectoral policies,0_TO_10,0-10 scale,2019,,6.0455356,,E,Estimated value,0,Units,2,Two
DATAFLOW,OECD.ENV.EPI:DSD_CAPMF@DF_CAPMF(1.0),Climate actions and policies measurement framework,I,CAN,Canada,A,Annual,POL_STRINGENCY,Policy stringency,LEV1_SEC,Sectoral policies,0_TO_10,0-10 scale,2020,,6.2624998,,E,Estimated value,0,Units,2,Two
DATAFLOW,OECD.ENV.EPI:DSD_CAPMF@DF_CAPMF(1.0),Climate actions and policies measurement framework,I,NLD,Netherlands,A,Annual,POL_STRINGENCY,Policy stringency,LEV1_SEC,Sectoral policies,0_TO_10,0-10 scale,2010,,3.203125,,E,Estimated value,0,Units,2,Two
DATAFLOW,OECD.ENV.EPI:DSD_CAPMF@DF_CAPMF(1.0),Climate actions and policies measurement framework,I,NLD,Netherlands,A,Annual,POL_STRINGENCY,Policy stringency,LEV1_SEC,Sectoral policies,0_TO_10,0-10 scale,2011,,3.7302084,,E,Estimated value,0,Units,2,Two
DATAFLOW,OECD.ENV.EPI:DSD_CAPMF@DF_CAPMF(1.0),Climate actions and policies measurement framework,I,NLD,Netherlands,A,Annual,POL_STRINGENCY,Policy stringency,LEV1_SEC,Sectoral policies,0_TO_10,0-10 scale,2012,,3.984375,,E,Estimated value,0,Units,2,Two
DATAFLOW,OECD.ENV.EPI:DSD_CAPMF@DF_CAPMF(1.0),Climate actions and policies measurement framework,I,NLD,Netherlands,A,Annual,POL_STRINGENCY,Policy stringency,LEV1_SEC,Sectoral policies,0_TO_10,0-10 scale,2013,,4.4052081,,E,Estimated value,0,Units,2,Two
DATAFLOW,OECD.ENV.EPI:DSD_CAPMF@DF_CAPMF(1.0),Climate actions and policies measurement framework,I,NLD,Netherlands,A,Annual,POL_STRINGENCY,Policy stringency,LEV1_SEC,Sectoral policies,0_TO_10,0-10 scale,2014,,4.8135414,,E,Estimated value,0,Units,2,Two
DATAFLOW,OECD.ENV.EPI:DSD_CAPMF@DF_CAPMF(1.0),Climate actions and policies measurement framework,I,NLD,Netherlands,A,Annual,POL_STRINGENCY,Policy stringency,LEV1_SEC,Sectoral policies,0_TO_10,0-10 scale,2015,,4.9812498,,E,Estimated value,0,Units,2,Two
DATAFLOW,OECD.ENV.EPI:DSD_CAPMF@DF_CAPMF(1.0),Climate actions and policies measurement framework,I,NLD,Netherlands,A,Annual,POL_STRINGENCY,Policy stringency,LEV1_SEC,Sectoral policies,0_TO_10,0-10 scale,2016,,4.9958334,,E,Estimated value,0,Units,2,Two
DATAFLOW,OECD.ENV.EPI:DSD_CAPMF@DF_CAPMF(1.0),Climate actions and policies measurement framework,I,NLD,Netherlands,A,Annual,POL_STRINGENCY,Policy stringency,LEV1_SEC,Sectoral policies,0_TO_10,0-10 scale,2017,,5.3489585,,E,Estimated value,0,Units,2,Two
DATAFLOW,OECD.ENV.EPI:DSD_CAPMF@DF_CAPMF(1.0),Climate actions and policies measurement framework,I,NLD,Netherlands,A,Annual,POL_STRINGENCY,Policy stringency,LEV1_SEC,Sectoral policies,0_TO_10,0-10 scale,2018,,5.453125,,E,Estimated value,0,Units,2,Two
DATAFLOW,OECD.ENV.EPI:DSD_CAPMF@DF_CAPMF(1.0),Climate actions and policies measurement framework,I,NLD,Netherlands,A,Annual,POL_STRINGENCY,Policy stringency,LEV1_SEC,Sectoral policies,0_TO_10,0-10 scale,2019,,5.3330727,,E,Estimated value,0,Units,2,Two
DATAFLOW,OECD.ENV.EPI:DSD_CAPMF@DF_CAPMF(1.0),Climate actions and policies measurement framework,I,NLD,Netherlands,A,Annual,POL_STRINGENCY,Policy stringency,LEV1_SEC,Sectoral policies,0_TO_10,0-10 scale,2020,,5.3018227,,E,Estimated value,0,Units,2,Two
DATAFLOW,OECD.ENV.EPI:DSD_CAPMF@DF_CAPMF(1.0),Climate actions and policies measurement framework,I,BEL,Belgium,A,Annual,POL_STRINGENCY,Policy stringency,LEV1_CROSS_SEC,Cross-sectoral policies,0_TO_10,0-10 scale,2010,,2.875,,E,Estimated value,0,Units,2,Two
DATAFLOW,OECD.ENV.EPI:DSD_CAPMF@DF_CAPMF(1.0),Climate actions and policies measurement framework,I,BEL,Belgium,A,Annual,POL_STRINGENCY,Policy stringency,LEV1_CROSS_SEC,Cross-sectoral policies,0_TO_10,0-10 scale,2011,,2.9583335,,E,Estimated value,0,Units,2,Two
DATAFLOW,OECD.ENV.EPI:DSD_CAPMF@DF_CAPMF(1.0),Climate actions and policies measurement framework,I,BEL,Belgium,A,Annual,POL_STRINGENCY,Policy stringency,LEV1_CROSS_SEC,Cross-sectoral policies,0_TO_10,0-10 scale,2012,,3.0416665,,E,Estimated value,0,Units,2,Two
DATAFLOW,OECD.ENV.EPI:DSD_CAPMF@DF_CAPMF(1.0),Climate actions and policies measurement framework,I,BEL,Belgium,A,Annual,POL_STRINGENCY,Policy stringency,LEV1_CROSS_SEC,Cross-sectoral policies,0_TO_10,0-10 scale,2013,,2.9583335,,E,Estimated value,0,Units,2,Two
DATAFLOW,OECD.ENV.EPI:DSD_CAPMF@DF_CAPMF(1.0),Climate actions and policies measurement framework,I,BEL,Belgium,A,Annual,POL_STRINGENCY,Policy stringency,LEV1_CROSS_SEC,Cross-sectoral policies,0_TO_10,0-10 scale,2014,,2.9166665,,E,Estimated value,0,Units,2,Two
DATAFLOW,OECD.ENV.EPI:DSD_CAPMF@DF_CAPMF(1.0),Climate actions and policies measurement framework,I,BEL,Belgium,A,Annual,POL_STRINGENCY,Policy stringency,LEV1_CROSS_SEC,Cross-sectoral policies,0_TO_10,0-10 scale,2015,,2.875,,E,Estimated value,0,Units,2,Two
DATAFLOW,OECD.ENV.EPI:DSD_CAPMF@DF_CAPMF(1.0),Climate actions and policies measurement framework,I,BEL,Belgium,A,Annual,POL_STRINGENCY,Policy stringency,LEV1_CROSS_SEC,Cross-sectoral policies,0_TO_10,0-10 scale,2016,,2.875,,E,Estimated value,0,Units,2,Two
DATAFLOW,OECD.ENV.EPI:DSD_CAPMF@DF_CAPMF(1.0),Climate actions and policies measurement framework,I,BEL,Belgium,A,Annual,POL_STRINGENCY,Policy stringency,LEV1_CROSS_SEC,Cross-sectoral policies,0_TO_10,0-10 scale,2017,,3.8541665,,E,Estimated value,0,Units,2,Two
DATAFLOW,OECD.ENV.EPI:DSD_CAPMF@DF_CAPMF(1.0),Climate actions and policies measurement framework,I,BEL,Belgium,A,Annual,POL_STRINGENCY,Policy stringency,LEV1_CROSS_SEC,Cross-sectoral policies,0_TO_10,0-10 scale,2018,,3.6875,,E,Estimated value,0,Units,2,Two
DATAFLOW,OECD.ENV.EPI:DSD_CAPMF@DF_CAPMF(1.0),Climate actions and policies measurement framework,I,BEL,Belgium,A,Annual,POL_STRINGENCY,Policy stringency,LEV1_CROSS_SEC,Cross-sectoral policies,0_TO_10,0-10 scale,2019,,4.0625,,E,Estimated value,0,Units,2,Two
DATAFLOW,OECD.ENV.EPI:DSD_CAPMF@DF_CAPMF(1.0),Climate actions and policies measurement framework,I,BEL,Belgium,A,Annual,POL_STRINGENCY,Policy stringency,LEV1_CROSS_SEC,Cross-sectoral policies,0_TO_10,0-10 scale,2020,,3.8958335,,E,Estimated value,0,Units,2,Two
DATAFLOW,OECD.ENV.EPI:DSD_CAPMF@DF_CAPMF(1.0),Climate actions and policies measurement framework,I,ISR,Israel,A,Annual,POL_STRINGENCY,Policy stringency,LEV1_SEC,Sectoral policies,0_TO_10,0-10 scale,2010,,2.4888394,,E,Estimated value,0,Units,2,Two
DATAFLOW,OECD.ENV.EPI:DSD_CAPMF@DF_CAPMF(1.0),Climate actions and policies measurement framework,I,ISR,Israel,A,Annual,POL_STRINGENCY,Policy stringency,LEV1_SEC,Sectoral policies,0_TO_10,0-10 scale,2011,,2.9495535,,E,Estimated value,0,Units,2,Two
DATAFLOW,OECD.ENV.EPI:DSD_CAPMF@DF_CAPMF(1.0),Climate actions and policies measurement framework,I,ISR,Israel,A,Annual,POL_STRINGENCY,Policy stringency,LEV1_SEC,Sectoral policies,0_TO_10,0-10 scale,2012,,2.9215775,,E,Estimated value,0,Units,2,Two
DATAFLOW,OECD.ENV.EPI:DSD_CAPMF@DF_CAPMF(1.0),Climate actions and policies measurement framework,I,ISR,Israel,A,Annual,POL_STRINGENCY,Policy stringency,LEV1_SEC,Sectoral policies,0_TO_10,0-10 scale,2013,,2.9383929,,E,Estimated value,0,Units,2,Two
DATAFLOW,OECD.ENV.EPI:DSD_CAPMF@DF_CAPMF(1.0),Climate actions and policies measurement framework,I,ISR,Israel,A,Annual,POL_STRINGENCY,Policy stringency,LEV1_SEC,Sectoral policies,0_TO_10,0-10 scale,2014,,2.8366072,,E,Estimated value,0,Units,2,Two
DATAFLOW,OECD.ENV.EPI:DSD_CAPMF@DF_CAPMF(1.0),Climate actions and policies measurement framework,I,ISR,Israel,A,Annual,POL_STRINGENCY,Policy stringency,LEV1_SEC,Sectoral policies,0_TO_10,0-10 scale,2015,,3.1514881,,E,Estimated value,0,Units,2,Two
DATAFLOW,OECD.ENV.EPI:DSD_CAPMF@DF_CAPMF(1.0),Climate actions and policies measurement framework,I,ISR,Israel,A,Annual,POL_STRINGENCY,Policy stringency,LEV1_SEC,Sectoral policies,0_TO_10,0-10 scale,2016,,3.279613,,E,Estimated value,0,Units,2,Two
DATAFLOW,OECD.ENV.EPI:DSD_CAPMF@DF_CAPMF(1.0),Climate actions and policies measurement framework,I,ISR,Israel,A,Annual,POL_STRINGENCY,Policy stringency,LEV1_SEC,Sectoral policies,0_TO_10,0-10 scale,2017,,3.3245535,,E,Estimated value,0,Units,2,Two
DATAFLOW,OECD.ENV.EPI:DSD_CAPMF@DF_CAPMF(1.0),Climate actions and policies measurement framework,I,ISR,Israel,A,Annual,POL_STRINGENCY,Policy stringency,LEV1_SEC,Sectoral policies,0_TO_10,0-10 scale,2018,,3.7938244,,E,Estimated value,0,Units,2,Two
DATAFLOW,OECD.ENV.EPI:DSD_CAPMF@DF_CAPMF(1.0),Climate actions and policies measurement framework,I,ISR,Israel,A,Annual,POL_STRINGENCY,Policy stringency,LEV1_SEC,Sectoral policies,0_TO_10,0-10 scale,2019,,3.8235862,,E,Estimated value,0,Units,2,Two
DATAFLOW,OECD.ENV.EPI:DSD_CAPMF@DF_CAPMF(1.0),Climate actions and policies measurement framework,I,ISR,Israel,A,Annual,POL_STRINGENCY,Policy stringency,LEV1_SEC,Sectoral policies,0_TO_10,0-10 scale,2020,,3.9570684,,E,Estimated value,0,Units,2,Two
DATAFLOW,OECD.ENV.EPI:DSD_CAPMF@DF_CAPMF(1.0),Climate actions and policies measurement framework,I,FRA,France,A,Annual,POL_STRINGENCY,Policy stringency,LEV2_SEC_B_NMBI,Buildings - Non market-based instruments,0_TO_10,0-10 scale,2010,,6.25,,A,Normal value,0,Units,2,Two
DATAFLOW,OECD.ENV.EPI:DSD_CAPMF@DF_CAPMF(1.0),Climate actions and policies measurement framework,I,FRA,France,A,Annual,POL_STRINGENCY,Policy stringency,LEV2_SEC_B_NMBI,Buildings - Non market-based instruments,0_TO_10,0-10 scale,2011,,6.25,,A,Normal value,0,Units,2,Two
DATAFLOW,OECD.ENV.EPI:DSD_CAPMF@DF_CAPMF(1.0),Climate actions and policies measurement framework,I,FRA,France,A,Annual,POL_STRINGENCY,Policy stringency,LEV2_SEC_B_NMBI,Buildings - Non market-based instruments,0_TO_10,0-10 scale,2012,,6.25,,A,Normal value,0,Units,2,Two
DATAFLOW,OECD.ENV.EPI:DSD_CAPMF@DF_CAPMF(1.0),Climate actions and policies measurement framework,I,FRA,France,A,Annual,POL_STRINGENCY,Policy stringency,LEV2_SEC_B_NMBI,Buildings - Non market-based instruments,0_TO_10,0-10 scale,2013,,7.5,,A,Normal value,0,Units,2,Two
DATAFLOW,OECD.ENV.EPI:DSD_CAPMF@DF_CAPMF(1.0),Climate actions and policies measurement framework,I,FRA,France,A,Annual,POL_STRINGENCY,Policy stringency,LEV2_SEC_B_NMBI,Buildings - Non market-based instruments,0_TO_10,0-10 scale,2014,,7.5,,A,Normal value,0,Units,2,Two
DATAFLOW,OECD.ENV.EPI:DSD_CAPMF@DF_CAPMF(1.0),Climate actions and policies measurement framework,I,FRA,France,A,Annual,POL_STRINGENCY,Policy stringency,LEV2_SEC_B_NMBI,Buildings - Non market-based instruments,0_TO_10,0-10 scale,2015,,7.5,,A,Normal value,0,Units,2,Two
DATAFLOW,OECD.ENV.EPI:DSD_CAPMF@DF_CAPMF(1.0),Climate actions and policies measurement framework,I,FRA,France,A,Annual,POL_STRINGENCY,Policy stringency,LEV2_SEC_B_NMBI,Buildings - Non market-based instruments,0_TO_10,0-10 scale,2016,,7.5,,A,Normal value,0,Units,2,Two
DATAFLOW,OECD.ENV.EPI:DSD_CAPMF@DF_CAPMF(1.0),Climate actions and policies measurement framework,I,FRA,France,A,Annual,POL_STRINGENCY,Policy stringency,LEV2_SEC_B_NMBI,Buildings - Non market-based instruments,0_TO_10,0-10 scale,2017,,7.5,,A,Normal value,0,Units,2,Two
DATAFLOW,OECD.ENV.EPI:DSD_CAPMF@DF_CAPMF(1.0),Climate actions and policies measurement framework,I,FRA,France,A,Annual,POL_STRINGENCY,Policy stringency,LEV2_SEC_B_NMBI,Buildings - Non market-based instruments,0_TO_10,0-10 scale,2018,,7.5,,A,Normal value,0,Units,2,Two
DATAFLOW,OECD.ENV.EPI:DSD_CAPMF@DF_CAPMF(1.0),Climate actions and policies measurement framework,I,FRA,France,A,Annual,POL_STRINGENCY,Policy stringency,LEV2_SEC_B_NMBI,Buildings - Non market-based instruments,0_TO_10,0-10 scale,2019,,8.125,,A,Normal value,0,Units,2,Two
DATAFLOW,OECD.ENV.EPI:DSD_CAPMF@DF_CAPMF(1.0),Climate actions and policies measurement framework,I,FRA,France,A,Annual,POL_STRINGENCY,Policy stringency,LEV2_SEC_B_NMBI,Buildings - Non market-based instruments,0_TO_10,0-10 scale,2020,,8.125,,A,Normal value,0,Units,2,Two
DATAFLOW,OECD.ENV.EPI:DSD_CAPMF@DF_CAPMF(1.0),Climate actions and policies measurement framework,I,GBR,United Kingdom,A,Annual,POL_STRINGENCY,Policy stringency,LEV2_SEC_B_NMBI,Buildings - Non market-based instruments,0_TO_10,0-10 scale,2010,,6.25,,A,Normal value,0,Units,2,Two
DATAFLOW,OECD.ENV.EPI:DSD_CAPMF@DF_CAPMF(1.0),Climate actions and policies measurement framework,I,GBR,United Kingdom,A,Annual,POL_STRINGENCY,Policy stringency,LEV2_SEC_B_NMBI,Buildings - Non market-based instruments,0_TO_10,0-10 scale,2011,,6.25,,A,Normal value,0,Units,2,Two
DATAFLOW,OECD.ENV.EPI:DSD_CAPMF@DF_CAPMF(1.0),Climate actions and policies measurement framework,I,GBR,United Kingdom,A,Annual,POL_STRINGENCY,Policy stringency,LEV2_SEC_B_NMBI,Buildings - Non market-based instruments,0_TO_10,0-10 scale,2012,,6.25,,A,Normal value,0,Units,2,Two
DATAFLOW,OECD.ENV.EPI:DSD_CAPMF@DF_CAPMF(1.0),Climate actions and policies measurement framework,I,GBR,United Kingdom,A,Annual,POL_STRINGENCY,Policy stringency,LEV2_SEC_B_NMBI,Buildings - Non market-based instruments,0_TO_10,0-10 scale,2013,,7.5,,A,Normal value,0,Units,2,Two
DATAFLOW,OECD.ENV.EPI:DSD_CAPMF@DF_CAPMF(1.0),Climate actions and policies measurement framework,I,GBR,United Kingdom,A,Annual,POL_STRINGENCY,Policy stringency,LEV2_SEC_B_NMBI,Buildings - Non market-based instruments,0_TO_10,0-10 scale,2014,,7.5,,A,Normal value,0,Units,2,Two
DATAFLOW,OECD.ENV.EPI:DSD_CAPMF@DF_CAPMF(1.0),Climate actions and policies measurement framework,I,GBR,United Kingdom,A,Annual,POL_STRINGENCY,Policy stringency,LEV2_SEC_B_NMBI,Buildings - Non market-based instruments,0_TO_10,0-10 scale,2015,,7.5,,A,Normal value,0,Units,2,Two
DATAFLOW,OECD.ENV.EPI:DSD_CAPMF@DF_CAPMF(1.0),Climate actions and policies measurement framework,I,GBR,United Kingdom,A,Annual,POL_STRINGENCY,Policy stringency,LEV2_SEC_B_NMBI,Buildings - Non market-based instruments,0_TO_10,0-10 scale,2016,,7.5,,A,Normal value,0,Units,2,Two
DATAFLOW,OECD.ENV.EPI:DSD_CAPMF@DF_CAPMF(1.0),Climate actions and policies measurement framework,I,GBR,United Kingdom,A,Annual,POL_STRINGENCY,Policy stringency,LEV2_SEC_B_NMBI,Buildings - Non market-based instruments,0_TO_10,0-10 scale,2017,,7.5,,A,Normal value,0,Units,2,Two
DATAFLOW,OECD.ENV.EPI:DSD_CAPMF@DF_CAPMF(1.0),Climate actions and policies measurement framework,I,GBR,United Kingdom,A,Annual,POL_STRINGENCY,Policy stringency,LEV2_SEC_B_NMBI,Buildings - Non market-based instruments,0_TO_10,0-10 scale,2018,,7.5,,A,Normal value,0,Units,2,Two
DATAFLOW,OECD.ENV.EPI:DSD_CAPMF@DF_CAPMF(1.0),Climate actions and policies measurement framework,I,GBR,United Kingdom,A,Annual,POL_STRINGENCY,Policy stringency,LEV2_SEC_B_NMBI,Buildings - Non market-based instruments,0_TO_10,0-10 scale,2019,,7.5,,A,Normal value,0,Units,2,Two
DATAFLOW,OECD.ENV.EPI:DSD_CAPMF@DF_CAPMF(1.0),Climate actions and policies measurement framework,I,GBR,United Kingdom,A,Annual,POL_STRINGENCY,Policy stringency,LEV2_SEC_B_NMBI,Buildings - Non market-based instruments,0_TO_10,0-10 scale,2020,,7.78125,,A,Normal value,0,Units,2,Two
DATAFLOW,OECD.ENV.EPI:DSD_CAPMF@DF_CAPMF(1.0),Climate actions and policies measurement framework,I,USA,United States,A,Annual,POL_STRINGENCY,Policy stringency,LEV1_CROSS_SEC,Cross-sectoral policies,0_TO_10,0-10 scale,2010,,,,Q,Missing value; suppressed,0,Units,2,Two
DATAFLOW,OECD.ENV.EPI:DSD_CAPMF@DF_CAPMF(1.0),Climate actions and policies measurement framework,I,USA,United States,A,Annual,POL_STRINGENCY,Policy stringency,LEV1_CROSS_SEC,Cross-sectoral policies,0_TO_10,0-10 scale,2011,,,,Q,Missing value; suppressed,0,Units,2,Two
DATAFLOW,OECD.ENV.EPI:DSD_CAPMF@DF_CAPMF(1.0),Climate actions and policies measurement framework,I,USA,United States,A,Annual,POL_STRINGENCY,Policy stringency,LEV1_CROSS_SEC,Cross-sectoral policies,0_TO_10,0-10 scale,2012,,,,Q,Missing value; suppressed,0,Units,2,Two
DATAFLOW,OECD.ENV.EPI:DSD_CAPMF@DF_CAPMF(1.0),Climate actions and policies measurement framework,I,USA,United States,A,Annual,POL_STRINGENCY,Policy stringency,LEV1_CROSS_SEC,Cross-sectoral policies,0_TO_10,0-10 scale,2013,,,,Q,Missing value; suppressed,0,Units,2,Two
DATAFLOW,OECD.ENV.EPI:DSD_CAPMF@DF_CAPMF(1.0),Climate actions and policies measurement framework,I,USA,United States,A,Annual,POL_STRINGENCY,Policy stringency,LEV1_CROSS_SEC,Cross-sectoral policies,0_TO_10,0-10 scale,2014,,,,Q,Missing value; suppressed,0,Units,2,Two
DATAFLOW,OECD.ENV.EPI:DSD_CAPMF@DF_CAPMF(1.0),Climate actions and policies measurement framework,I,USA,United States,A,Annual,POL_STRINGENCY,Policy stringency,LEV1_CROSS_SEC,Cross-sectoral policies,0_TO_10,0-10 scale,2015,,,,Q,Missing value; suppressed,0,Units,2,Two
DATAFLOW,OECD.ENV.EPI:DSD_CAPMF@DF_CAPMF(1.0),Climate actions and policies measurement framework,I,USA,United States,A,Annual,POL_STRINGENCY,Policy stringency,LEV1_CROSS_SEC,Cross-sectoral policies,0_TO_10,0-10 scale,2016,,,,Q,Missing value; suppressed,0,Units,2,Two
DATAFLOW,OECD.ENV.EPI:DSD_CAPMF@DF_CAPMF(1.0),Climate actions and policies measurement framework,I,USA,United States,A,Annual,POL_STRINGENCY,Policy stringency,LEV1_CROSS_SEC,Cross-sectoral policies,0_TO_10,0-10 scale,2017,,,,Q,Missing value; suppressed,0,Units,2,Two
DATAFLOW,OECD.ENV.EPI:DSD_CAPMF@DF_CAPMF(1.0),Climate actions and policies measurement framework,I,USA,United States,A,Annual,POL_STRINGENCY,Policy stringency,LEV1_CROSS_SEC,Cross-sectoral policies,0_TO_10,0-10 scale,2018,,,,Q,Missing value; suppressed,0,Units,2,Two
DATAFLOW,OECD.ENV.EPI:DSD_CAPMF@DF_CAPMF(1.0),Climate actions and policies measurement framework,I,USA,United States,A,Annual,POL_STRINGENCY,Policy stringency,LEV1_CROSS_SEC,Cross-sectoral policies,0_TO_10,0-10 scale,2019,,,,Q,Missing value; suppressed,0,Units,2,Two
DATAFLOW,OECD.ENV.EPI:DSD_CAPMF@DF_CAPMF(1.0),Climate actions and policies measurement framework,I,USA,United States,A,Annual,POL_STRINGENCY,Policy stringency,LEV1_CROSS_SEC,Cross-sectoral policies,0_TO_10,0-10 scale,2020,,,,Q,Missing value; suppressed,0,Units,2,Two
DATAFLOW,OECD.ENV.EPI:DSD_CAPMF@DF_CAPMF(1.0),Climate actions and policies measurement framework,I,BEL,Belgium,A,Annual,POL_STRINGENCY,Policy stringency,LEV2_SEC_B_NMBI,Buildings - Non market-based instruments,0_TO_10,0-10 scale,2010,,6.25,,A,Normal value,0,Units,2,Two
DATAFLOW,OECD.ENV.EPI:DSD_CAPMF@DF_CAPMF(1.0),Climate actions and policies measurement framework,I,BEL,Belgium,A,Annual,POL_STRINGENCY,Policy stringency,LEV2_SEC_B_NMBI,Buildings - Non market-based instruments,0_TO_10,0-10 scale,2011,,6.25,,A,Normal value,0,Units,2,Two
DATAFLOW,OECD.ENV.EPI:DSD_CAPMF@DF_CAPMF(1.0),Climate actions and policies measurement framework,I,BEL,Belgium,A,Annual,POL_STRINGENCY,Policy stringency,LEV2_SEC_B_NMBI,Buildings - Non market-based instruments,0_TO_10,0-10 scale,2012,,6.25,,A,Normal value,0,Units,2,Two
DATAFLOW,OECD.ENV.EPI:DSD_CAPMF@DF_CAPMF(1.0),Climate actions and policies measurement framework,I,BEL,Belgium,A,Annual,POL_STRINGENCY,Policy stringency,LEV2_SEC_B_NMBI,Buildings - Non market-based instruments,0_TO_10,0-10 scale,2013,,7.5,,A,Normal value,0,Units,2,Two
DATAFLOW,OECD.ENV.EPI:DSD_CAPMF@DF_CAPMF(1.0),Climate actions and policies measurement framework,I,BEL,Belgium,A,Annual,POL_STRINGENCY,Policy stringency,LEV2_SEC_B_NMBI,Buildings - Non market-based instruments,0_TO_10,0-10 scale,2014,,7.5,,A,Normal value,0,Units,2,Two
DATAFLOW,OECD.ENV.EPI:DSD_CAPMF@DF_CAPMF(1.0),Climate actions and policies measurement framework,I,BEL,Belgium,A,Annual,POL_STRINGENCY,Policy stringency,LEV2_SEC_B_NMBI,Buildings - Non market-based instruments,0_TO_10,0-10 scale,2015,,7.5,,A,Normal value,0,Units,2,Two
DATAFLOW,OECD.ENV.EPI:DSD_CAPMF@DF_CAPMF(1.0),Climate actions and policies measurement framework,I,BEL,Belgium,A,Annual,POL_STRINGENCY,Policy stringency,LEV2_SEC_B_NMBI,Buildings - Non market-based instruments,0_TO_10,0-10 scale,2016,,7.5,,A,Normal value,0,Units,2,Two
DATAFLOW,OECD.ENV.EPI:DSD_CAPMF@DF_CAPMF(1.0),Climate actions and policies measurement framework,I,BEL,Belgium,A,Annual,POL_STRINGENCY,Policy stringency,LEV2_SEC_B_NMBI,Buildings - Non market-based instruments,0_TO_10,0-10 scale,2017,,7.5,,A,Normal value,0,Units,2,Two
DATAFLOW,OECD.ENV.EPI:DSD_CAPMF@DF_CAPMF(1.0),Climate actions and policies measurement framework,I,BEL,Belgium,A,Annual,POL_STRINGENCY,Policy stringency,LEV2_SEC_B_NMBI,Buildings - Non market-based instruments,0_TO_10,0-10 scale,2018,,7.5,,A,Normal value,0,Units,2,Two
DATAFLOW,OECD.ENV.EPI:DSD_CAPMF@DF_CAPMF(1.0),Climate actions and policies measurement framework,I,BEL,Belgium,A,Annual,POL_STRINGENCY,Policy stringency,LEV2_SEC_B_NMBI,Buildings - Non market-based instruments,0_TO_10,0-10 scale,2019,,7.6875,,A,Normal value,0,Units,2,Two
DATAFLOW,OECD.ENV.EPI:DSD_CAPMF@DF_CAPMF(1.0),Climate actions and policies measurement framework,I,BEL,Belgium,A,Annual,POL_STRINGENCY,Policy stringency,LEV2_SEC_B_NMBI,Buildings - Non market-based instruments,0_TO_10,0-10 scale,2020,,7.6875,,A,Normal value,0,Units,2,Two
DATAFLOW,OECD.ENV.EPI:DSD_CAPMF@DF_CAPMF(1.0),Climate actions and policies measurement framework,I,SWE,Sweden,A,Annual,POL_STRINGENCY,Policy stringency,LEV1_CROSS_SEC,Cross-sectoral policies,0_TO_10,0-10 scale,2010,,2.9000001,,E,Estimated value,0,Units,2,Two
DATAFLOW,OECD.ENV.EPI:DSD_CAPMF@DF_CAPMF(1.0),Climate actions and policies measurement framework,I,SWE,Sweden,A,Annual,POL_STRINGENCY,Policy stringency,LEV1_CROSS_SEC,Cross-sectoral policies,0_TO_10,0-10 scale,2011,,2.5833335,,E,Estimated value,0,Units,2,Two
DATAFLOW,OECD.ENV.EPI:DSD_CAPMF@DF_CAPMF(1.0),Climate actions and policies measurement framework,I,SWE,Sweden,A,Annual,POL_STRINGENCY,Policy stringency,LEV1_CROSS_SEC,Cross-sectoral policies,0_TO_10,0-10 scale,2012,,2.6666665,,E,Estimated value,0,Units,2,Two
DATAFLOW,OECD.ENV.EPI:DSD_CAPMF@DF_CAPMF(1.0),Climate actions and policies measurement framework,I,SWE,Sweden,A,Annual,POL_STRINGENCY,Policy stringency,LEV1_CROSS_SEC,Cross-sectoral policies,0_TO_10,0-10 scale,2013,,2.7083335,,E,Estimated value,0,Units,2,Two
DATAFLOW,OECD.ENV.EPI:DSD_CAPMF@DF_CAPMF(1.0),Climate actions and policies measurement framework,I,SWE,Sweden,A,Annual,POL_STRINGENCY,Policy stringency,LEV1_CROSS_SEC,Cross-sectoral policies,0_TO_10,0-10 scale,2014,,2.7083335,,E,Estimated value,0,Units,2,Two
DATAFLOW,OECD.ENV.EPI:DSD_CAPMF@DF_CAPMF(1.0),Climate actions and policies measurement framework,I,SWE,Sweden,A,Annual,POL_STRINGENCY,Policy stringency,LEV1_CROSS_SEC,Cross-sectoral policies,0_TO_10,0-10 scale,2015,,2.5,,E,Estimated value,0,Units,2,Two
DATAFLOW,OECD.ENV.EPI:DSD_CAPMF@DF_CAPMF(1.0),Climate actions and policies measurement framework,I,SWE,Sweden,A,Annual,POL_STRINGENCY,Policy stringency,LEV1_CROSS_SEC,Cross-sectoral policies,0_TO_10,0-10 scale,2016,,3.4375,,E,Estimated value,0,Units,2,Two
DATAFLOW,OECD.ENV.EPI:DSD_CAPMF@DF_CAPMF(1.0),Climate actions and policies measurement framework,I,SWE,Sweden,A,Annual,POL_STRINGENCY,Policy stringency,LEV1_CROSS_SEC,Cross-sectoral policies,0_TO_10,0-10 scale,2017,,4.59375,,E,Estimated value,0,Units,2,Two
DATAFLOW,OECD.ENV.EPI:DSD_CAPMF@DF_CAPMF(1.0),Climate actions and policies measurement framework,I,SWE,Sweden,A,Annual,POL_STRINGENCY,Policy stringency,LEV1_CROSS_SEC,Cross-sectoral policies,0_TO_10,0-10 scale,2018,,5.5354166,,E,Estimated value,0,Units,2,Two
DATAFLOW,OECD.ENV.EPI:DSD_CAPMF@DF_CAPMF(1.0),Climate actions and policies measurement framework,I,SWE,Sweden,A,Annual,POL_STRINGENCY,Policy stringency,LEV1_CROSS_SEC,Cross-sectoral policies,0_TO_10,0-10 scale,2019,,5.5354166,,E,Estimated value,0,Units,2,Two
DATAFLOW,OECD.ENV.EPI:DSD_CAPMF@DF_CAPMF(1.0),Climate actions and policies measurement framework,I,SWE,Sweden,A,Annual,POL_STRINGENCY,Policy stringency,LEV1_CROSS_SEC,Cross-sectoral policies,0_TO_10,0-10 scale,2020,,5.8354168,,E,Estimated value,0,Units,2,Two
DATAFLOW,OECD.ENV.EPI:DSD_CAPMF@DF_CAPMF(1.0),Climate actions and policies measurement framework,I,USA,United States,A,Annual,POL_STRINGENCY,Policy stringency,LEV2_SEC_B_MBI,Buildings - Market-based instruments,0_TO_10,0-10 scale,2010,,,,Q,Missing value; suppressed,0,Units,2,Two
DATAFLOW,OECD.ENV.EPI:DSD_CAPMF@DF_CAPMF(1.0),Climate actions and policies measurement framework,I,USA,United States,A,Annual,POL_STRINGENCY,Policy stringency,LEV2_SEC_B_MBI,Buildings - Market-based instruments,0_TO_10,0-10 scale,2011,,,,Q,Missing value; suppressed,0,Units,2,Two
DATAFLOW,OECD.ENV.EPI:DSD_CAPMF@DF_CAPMF(1.0),Climate actions and policies measurement framework,I,USA,United States,A,Annual,POL_STRINGENCY,Policy stringency,LEV2_SEC_B_MBI,Buildings - Market-based instruments,0_TO_10,0-10 scale,2012,,,,Q,Missing value; suppressed,0,Units,2,Two
DATAFLOW,OECD.ENV.EPI:DSD_CAPMF@DF_CAPMF(1.0),Climate actions and policies measurement framework,I,USA,United States,A,Annual,POL_STRINGENCY,Policy stringency,LEV2_SEC_B_MBI,Buildings - Market-based instruments,0_TO_10,0-10 scale,2013,,,,Q,Missing value; suppressed,0,Units,2,Two
DATAFLOW,OECD.ENV.EPI:DSD_CAPMF@DF_CAPMF(1.0),Climate actions and policies measurement framework,I,USA,United States,A,Annual,POL_STRINGENCY,Policy stringency,LEV2_SEC_B_MBI,Buildings - Market-based instruments,0_TO_10,0-10 scale,2014,,,,Q,Missing value; suppressed,0,Units,2,Two
DATAFLOW,OECD.ENV.EPI:DSD_CAPMF@DF_CAPMF(1.0),Climate actions and policies measurement framework,I,USA,United States,A,Annual,POL_STRINGENCY,Policy stringency,LEV2_SEC_B_MBI,Buildings - Market-based instruments,0_TO_10,0-10 scale,2015,,,,Q,Missing value; suppressed,0,Units,2,Two
DATAFLOW,OECD.ENV.EPI:DSD_CAPMF@DF_CAPMF(1.0),Climate actions and policies measurement framework,I,USA,United States,A,Annual,POL_STRINGENCY,Policy stringency,LEV2_SEC_B_MBI,Buildings - Market-based instruments,0_TO_10,0-10 scale,2016,,,,Q,Missing value; suppressed,0,Units,2,Two
DATAFLOW,OECD.ENV.EPI:DSD_CAPMF@DF_CAPMF(1.0),Climate actions and policies measurement framework,I,USA,United States,A,Annual,POL_STRINGENCY,Policy stringency,LEV2_SEC_B_MBI,Buildings - Market-based instruments,0_TO_10,0-10 scale,2017,,,,Q,Missing value; suppressed,0,Units,2,Two
DATAFLOW,OECD.ENV.EPI:DSD_CAPMF@DF_CAPMF(1.0),Climate actions and policies measurement framework,I,USA,United States,A,Annual,POL_STRINGENCY,Policy stringency,LEV2_SEC_B_MBI,Buildings - Market-based instruments,0_TO_10,0-10 scale,2018,,,,Q,Missing value; suppressed,0,Units,2,Two
DATAFLOW,OECD.ENV.EPI:DSD_CAPMF@DF_CAPMF(1.0),Climate actions and policies measurement framework,I,USA,United States,A,Annual,POL_STRINGENCY,Policy stringency,LEV2_SEC_B_MBI,Buildings - Market-based instruments,0_TO_10,0-10 scale,2019,,,,Q,Missing value; suppressed,0,Units,2,Two
DATAFLOW,OECD.ENV.EPI:DSD_CAPMF@DF_CAPMF(1.0),Climate actions and policies measurement framework,I,USA,United States,A,Annual,POL_STRINGENCY,Policy stringency,LEV2_SEC_B_MBI,Buildings - Market-based instruments,0_TO_10,0-10 scale,2020,,,,Q,Missing value; suppressed,0,Units,2,Two
DATAFLOW,OECD.ENV.EPI:DSD_CAPMF@DF_CAPMF(1.0),Climate actions and policies measurement framework,I,FRA,France,A,Annual,POL_STRINGENCY,Policy stringency,LEV2_SEC_B_MBI,Buildings - Market-based instruments,0_TO_10,0-10 scale,2010,,2.5999999,,E,Estimated value,0,Units,2,Two
DATAFLOW,OECD.ENV.EPI:DSD_CAPMF@DF_CAPMF(1.0),Climate actions and policies measurement framework,I,FRA,France,A,Annual,POL_STRINGENCY,Policy stringency,LEV2_SEC_B_MBI,Buildings - Market-based instruments,0_TO_10,0-10 scale,2011,,2.5999999,,E,Estimated value,0,Units,2,Two
DATAFLOW,OECD.ENV.EPI:DSD_CAPMF@DF_CAPMF(1.0),Climate actions and policies measurement framework,I,FRA,France,A,Annual,POL_STRINGENCY,Policy stringency,LEV2_SEC_B_MBI,Buildings - Market-based instruments,0_TO_10,0-10 scale,2012,,2.5999999,,E,Estimated value,0,Units,2,Two
DATAFLOW,OECD.ENV.EPI:DSD_CAPMF@DF_CAPMF(1.0),Climate actions and policies measurement framework,I,FRA,France,A,Annual,POL_STRINGENCY,Policy stringency,LEV2_SEC_B_MBI,Buildings - Market-based instruments,0_TO_10,0-10 scale,2013,,2.5999999,,E,Estimated value,0,Units,2,Two
DATAFLOW,OECD.ENV.EPI:DSD_CAPMF@DF_CAPMF(1.0),Climate actions and policies measurement framework,I,FRA,France,A,Annual,POL_STRINGENCY,Policy stringency,LEV2_SEC_B_MBI,Buildings - Market-based instruments,0_TO_10,0-10 scale,2014,,3.9000001,,E,Estimated value,0,Units,2,Two
DATAFLOW,OECD.ENV.EPI:DSD_CAPMF@DF_CAPMF(1.0),Climate actions and policies measurement framework,I,FRA,France,A,Annual,POL_STRINGENCY,Policy stringency,LEV2_SEC_B_MBI,Buildings - Market-based instruments,0_TO_10,0-10 scale,2015,,4.125,,E,Estimated value,0,Units,2,Two
DATAFLOW,OECD.ENV.EPI:DSD_CAPMF@DF_CAPMF(1.0),Climate actions and policies measurement framework,I,FRA,France,A,Annual,POL_STRINGENCY,Policy stringency,LEV2_SEC_B_MBI,Buildings - Market-based instruments,0_TO_10,0-10 scale,2016,,4.5749998,,E,Estimated value,0,Units,2,Two
DATAFLOW,OECD.ENV.EPI:DSD_CAPMF@DF_CAPMF(1.0),Climate actions and policies measurement framework,I,FRA,France,A,Annual,POL_STRINGENCY,Policy stringency,LEV2_SEC_B_MBI,Buildings - Market-based instruments,0_TO_10,0-10 scale,2017,,4.8499999,,E,Estimated value,0,Units,2,Two
DATAFLOW,OECD.ENV.EPI:DSD_CAPMF@DF_CAPMF(1.0),Climate actions and policies measurement framework,I,FRA,France,A,Annual,POL_STRINGENCY,Policy stringency,LEV2_SEC_B_MBI,Buildings - Market-based instruments,0_TO_10,0-10 scale,2018,,4.6999998,,E,Estimated value,0,Units,2,Two
DATAFLOW,OECD.ENV.EPI:DSD_CAPMF@DF_CAPMF(1.0),Climate actions and policies measurement framework,I,FRA,France,A,Annual,POL_STRINGENCY,Policy stringency,LEV2_SEC_B_MBI,Buildings - Market-based instruments,0_TO_10,0-10 scale,2019,,4.6999998,,E,Estimated value,0,Units,2,Two
DATAFLOW,OECD.ENV.EPI:DSD_CAPMF@DF_CAPMF(1.0),Climate actions and policies measurement framework,I,FRA,France,A,Annual,POL_STRINGENCY,Policy stringency,LEV2_SEC_B_MBI,Buildings - Market-based instruments,0_TO_10,0-10 scale,2020,,4.6999998,,E,Estimated value,0,Units,2,Two
DATAFLOW,OECD.ENV.EPI:DSD_CAPMF@DF_CAPMF(1.0),Climate actions and policies measurement framework,I,CAN,Canada,A,Annual,POL_STRINGENCY,Policy stringency,LEV1_CROSS_SEC,Cross-sectoral policies,0_TO_10,0-10 scale,2010,,2.7083333,,E,Estimated value,0,Units,2,Two
DATAFLOW,OECD.ENV.EPI:DSD_CAPMF@DF_CAPMF(1.0),Climate actions and policies measurement framework,I,CAN,Canada,A,Annual,POL_STRINGENCY,Policy stringency,LEV1_CROSS_SEC,Cross-sectoral policies,0_TO_10,0-10 scale,2011,,2.7916667,,E,Estimated value,0,Units,2,Two
DATAFLOW,OECD.ENV.EPI:DSD_CAPMF@DF_CAPMF(1.0),Climate actions and policies measurement framework,I,CAN,Canada,A,Annual,POL_STRINGENCY,Policy stringency,LEV1_CROSS_SEC,Cross-sectoral policies,0_TO_10,0-10 scale,2012,,2.5833333,,E,Estimated value,0,Units,2,Two
DATAFLOW,OECD.ENV.EPI:DSD_CAPMF@DF_CAPMF(1.0),Climate actions and policies measurement framework,I,CAN,Canada,A,Annual,POL_STRINGENCY,Policy stringency,LEV1_CROSS_SEC,Cross-sectoral policies,0_TO_10,0-10 scale,2013,,2.5,,E,Estimated value,0,Units,2,Two
DATAFLOW,OECD.ENV.EPI:DSD_CAPMF@DF_CAPMF(1.0),Climate actions and policies measurement framework,I,CAN,Canada,A,Annual,POL_STRINGENCY,Policy stringency,LEV1_CROSS_SEC,Cross-sectoral policies,0_TO_10,0-10 scale,2014,,2.4583333,,E,Estimated value,0,Units,2,Two
DATAFLOW,OECD.ENV.EPI:DSD_CAPMF@DF_CAPMF(1.0),Climate actions and policies measurement framework,I,CAN,Canada,A,Annual,POL_STRINGENCY,Policy stringency,LEV1_CROSS_SEC,Cross-sectoral policies,0_TO_10,0-10 scale,2015,,2.75,,E,Estimated value,0,Units,2,Two
DATAFLOW,OECD.ENV.EPI:DSD_CAPMF@DF_CAPMF(1.0),Climate actions and policies measurement framework,I,CAN,Canada,A,Annual,POL_STRINGENCY,Policy stringency,LEV1_CROSS_SEC,Cross-sectoral policies,0_TO_10,0-10 scale,2016,,3.5625,,A,Normal value,0,Units,2,Two
DATAFLOW,OECD.ENV.EPI:DSD_CAPMF@DF_CAPMF(1.0),Climate actions and policies measurement framework,I,CAN,Canada,A,Annual,POL_STRINGENCY,Policy stringency,LEV1_CROSS_SEC,Cross-sectoral policies,0_TO_10,0-10 scale,2017,,3.5625,,A,Normal value,0,Units,2,Two
DATAFLOW,OECD.ENV.EPI:DSD_CAPMF@DF_CAPMF(1.0),Climate actions and policies measurement framework,I,CAN,Canada,A,Annual,POL_STRINGENCY,Policy stringency,LEV1_CROSS_SEC,Cross-sectoral policies,0_TO_10,0-10 scale,2018,,4.53125,,A,Normal value,0,Units,2,Two
DATAFLOW,OECD.ENV.EPI:DSD_CAPMF@DF_CAPMF(1.0),Climate actions and policies measurement framework,I,CAN,Canada,A,Annual,POL_STRINGENCY,Policy stringency,LEV1_CROSS_SEC,Cross-sectoral policies,0_TO_10,0-10 scale,2019,,5.9666667,,A,Normal value,0,Units,2,Two
DATAFLOW,OECD.ENV.EPI:DSD_CAPMF@DF_CAPMF(1.0),Climate actions and policies measurement framework,I,CAN,Canada,A,Annual,POL_STRINGENCY,Policy stringency,LEV1_CROSS_SEC,Cross-sectoral policies,0_TO_10,0-10 scale,2020,,6.4208331,,A,Normal value,0,Units,2,Two
DATAFLOW,OECD.ENV.EPI:DSD_CAPMF@DF_CAPMF(1.0),Climate actions and policies measurement framework,I,GBR,United Kingdom,A,Annual,POL_STRINGENCY,Policy stringency,LEV1_SEC,Sectoral policies,0_TO_10,0-10 scale,2010,,3.9177084,,E,Estimated value,0,Units,2,Two
DATAFLOW,OECD.ENV.EPI:DSD_CAPMF@DF_CAPMF(1.0),Climate actions and policies measurement framework,I,GBR,United Kingdom,A,Annual,POL_STRINGENCY,Policy stringency,LEV1_SEC,Sectoral policies,0_TO_10,0-10 scale,2011,,4.4281249,,E,Estimated value,0,Units,2,Two
DATAFLOW,OECD.ENV.EPI:DSD_CAPMF@DF_CAPMF(1.0),Climate actions and policies measurement framework,I,GBR,United Kingdom,A,Annual,POL_STRINGENCY,Policy stringency,LEV1_SEC,Sectoral policies,0_TO_10,0-10 scale,2012,,4.7093749,,E,Estimated value,0,Units,2,Two
DATAFLOW,OECD.ENV.EPI:DSD_CAPMF@DF_CAPMF(1.0),Climate actions and policies measurement framework,I,GBR,United Kingdom,A,Annual,POL_STRINGENCY,Policy stringency,LEV1_SEC,Sectoral policies,0_TO_10,0-10 scale,2013,,4.9072919,,E,Estimated value,0,Units,2,Two
DATAFLOW,OECD.ENV.EPI:DSD_CAPMF@DF_CAPMF(1.0),Climate actions and policies measurement framework,I,GBR,United Kingdom,A,Annual,POL_STRINGENCY,Policy stringency,LEV1_SEC,Sectoral policies,0_TO_10,0-10 scale,2014,,5.5177083,,E,Estimated value,0,Units,2,Two
DATAFLOW,OECD.ENV.EPI:DSD_CAPMF@DF_CAPMF(1.0),Climate actions and policies measurement framework,I,GBR,United Kingdom,A,Annual,POL_STRINGENCY,Policy stringency,LEV1_SEC,Sectoral policies,0_TO_10,0-10 scale,2015,,5.8968749,,E,Estimated value,0,Units,2,Two
DATAFLOW,OECD.ENV.EPI:DSD_CAPMF@DF_CAPMF(1.0),Climate actions and policies measurement framework,I,GBR,United Kingdom,A,Annual,POL_STRINGENCY,Policy stringency,LEV1_SEC,Sectoral policies,0_TO_10,0-10 scale,2016,,5.6552081,,E,Estimated value,0,Units,2,Two
DATAFLOW,OECD.ENV.EPI:DSD_CAPMF@DF_CAPMF(1.0),Climate actions and policies measurement framework,I,GBR,United Kingdom,A,Annual,POL_STRINGENCY,Policy stringency,LEV1_SEC,Sectoral policies,0_TO_10,0-10 scale,2017,,6.015625,,E,Estimated value,0,Units,2,Two
DATAFLOW,OECD.ENV.EPI:DSD_CAPMF@DF_CAPMF(1.0),Climate actions and policies measurement framework,I,GBR,United Kingdom,A,Annual,POL_STRINGENCY,Policy stringency,LEV1_SEC,Sectoral policies,0_TO_10,0-10 scale,2018,,5.9864583,,E,Estimated value,0,Units,2,Two
DATAFLOW,OECD.ENV.EPI:DSD_CAPMF@DF_CAPMF(1.0),Climate actions and policies measurement framework,I,GBR,United Kingdom,A,Annual,POL_STRINGENCY,Policy stringency,LEV1_SEC,Sectoral policies,0_TO_10,0-10 scale,2019,,6.0604167,,E,Estimated value,0,Units,2,Two
DATAFLOW,OECD.ENV.EPI:DSD_CAPMF@DF_CAPMF(1.0),Climate actions and policies measurement framework,I,GBR,United Kingdom,A,Annual,POL_STRINGENCY,Policy stringency,LEV1_SEC,Sectoral policies,0_TO_10,0-10 scale,2020,,6.0789061,,E,Estimated value,0,Units,2,Two
DATAFLOW,OECD.ENV.EPI:DSD_CAPMF@DF_CAPMF(1.0),Climate actions and policies measurement framework,I,NLD,Netherlands,A,Annual,POL_STRINGENCY,Policy stringency,LEV1_CROSS_SEC,Cross-sectoral policies,0_TO_10,0-10 scale,2010,,2.7916665,,E,Estimated value,0,Units,2,Two
DATAFLOW,OECD.ENV.EPI:DSD_CAPMF@DF_CAPMF(1.0),Climate actions and policies measurement framework,I,NLD,Netherlands,A,Annual,POL_STRINGENCY,Policy stringency,LEV1_CROSS_SEC,Cross-sectoral policies,0_TO_10,0-10 scale,2011,,2.5,,E,Estimated value,0,Units,2,Two
DATAFLOW,OECD.ENV.EPI:DSD_CAPMF@DF_CAPMF(1.0),Climate actions and policies measurement framework,I,NLD,Netherlands,A,Annual,POL_STRINGENCY,Policy stringency,LEV1_CROSS_SEC,Cross-sectoral policies,0_TO_10,0-10 scale,2012,,2.5,,E,Estimated value,0,Units,2,Two
DATAFLOW,OECD.ENV.EPI:DSD_CAPMF@DF_CAPMF(1.0),Climate actions and policies measurement framework,I,NLD,Netherlands,A,Annual,POL_STRINGENCY,Policy stringency,LEV1_CROSS_SEC,Cross-sectoral policies,0_TO_10,0-10 scale,2013,,2.375,,E,Estimated value,0,Units,2,Two
DATAFLOW,OECD.ENV.EPI:DSD_CAPMF@DF_CAPMF(1.0),Climate actions and policies measurement framework,I,NLD,Netherlands,A,Annual,POL_STRINGENCY,Policy stringency,LEV1_CROSS_SEC,Cross-sectoral policies,0_TO_10,0-10 scale,2014,,2.25,,E,Estimated value,0,Units,2,Two
DATAFLOW,OECD.ENV.EPI:DSD_CAPMF@DF_CAPMF(1.0),Climate actions and policies measurement framework,I,NLD,Netherlands,A,Annual,POL_STRINGENCY,Policy stringency,LEV1_CROSS_SEC,Cross-sectoral policies,0_TO_10,0-10 scale,2015,,2.4166665,,E,Estimated value,0,Units,2,Two
DATAFLOW,OECD.ENV.EPI:DSD_CAPMF@DF_CAPMF(1.0),Climate actions and policies measurement framework,I,NLD,Netherlands,A,Annual,POL_STRINGENCY,Policy stringency,LEV1_CROSS_SEC,Cross-sectoral policies,0_TO_10,0-10 scale,2016,,2.2083333,,A,Normal value,0,Units,2,Two
DATAFLOW,OECD.ENV.EPI:DSD_CAPMF@DF_CAPMF(1.0),Climate actions and policies measurement framework,I,NLD,Netherlands,A,Annual,POL_STRINGENCY,Policy stringency,LEV1_CROSS_SEC,Cross-sectoral policies,0_TO_10,0-10 scale,2017,,3.6875,,A,Normal value,0,Units,2,Two
DATAFLOW,OECD.ENV.EPI:DSD_CAPMF@DF_CAPMF(1.0),Climate actions and policies measurement framework,I,NLD,Netherlands,A,Annual,POL_STRINGENCY,Policy stringency,LEV1_CROSS_SEC,Cross-sectoral policies,0_TO_10,0-10 scale,2018,,3.7291667,,A,Normal value,0,Units,2,Two
DATAFLOW,OECD.ENV.EPI:DSD_CAPMF@DF_CAPMF(1.0),Climate actions and policies measurement framework,I,NLD,Netherlands,A,Annual,POL_STRINGENCY,Policy stringency,LEV1_CROSS_SEC,Cross-sectoral policies,0_TO_10,0-10 scale,2019,,4.0625,,A,Normal value,0,Units,2,Two
DATAFLOW,OECD.ENV.EPI:DSD_CAPMF@DF_CAPMF(1.0),Climate actions and policies measurement framework,I,NLD,Netherlands,A,Annual,POL_STRINGENCY,Policy stringency,LEV1_CROSS_SEC,Cross-sectoral policies,0_TO_10,0-10 scale,2020,,3.9791667,,A,Normal value,0,Units,2,Two
DATAFLOW,OECD.ENV.EPI:DSD_CAPMF@DF_CAPMF(1.0),Climate actions and policies measurement framework,I,CAN,Canada,A,Annual,POL_STRINGENCY,Policy stringency,LEV2_SEC_B_NMBI,Buildings - Non market-based instruments,0_TO_10,0-10 scale,2010,,3.75,,A,Normal value,0,Units,2,Two
DATAFLOW,OECD.ENV.EPI:DSD_CAPMF@DF_CAPMF(1.0),Climate actions and policies measurement framework,I,CAN,Canada,A,Annual,POL_STRINGENCY,Policy stringency,LEV2_SEC_B_NMBI,Buildings - Non market-based instruments,0_TO_10,0-10 scale,2011,,6.25,,A,Normal value,0,Units,2,Two
DATAFLOW,OECD.ENV.EPI:DSD_CAPMF@DF_CAPMF(1.0),Climate actions and policies measurement framework,I,CAN,Canada,A,Annual,POL_STRINGENCY,Policy stringency,LEV2_SEC_B_NMBI,Buildings - Non market-based instruments,0_TO_10,0-10 scale,2012,,6.25,,A,Normal value,0,Units,2,Two
DATAFLOW,OECD.ENV.EPI:DSD_CAPMF@DF_CAPMF(1.0),Climate actions and policies measurement framework,I,CAN,Canada,A,Annual,POL_STRINGENCY,Policy stringency,LEV2_SEC_B_NMBI,Buildings - Non market-based instruments,0_TO_10,0-10 scale,2013,,6.25,,A,Normal value,0,Units,2,Two
DATAFLOW,OECD.ENV.EPI:DSD_CAPMF@DF_CAPMF(1.0),Climate actions and policies measurement framework,I,CAN,Canada,A,Annual,POL_STRINGENCY,Policy stringency,LEV2_SEC_B_NMBI,Buildings - Non market-based instruments,0_TO_10,0-10 scale,2014,,6.25,,A,Normal value,0,Units,2,Two
DATAFLOW,OECD.ENV.EPI:DSD_CAPMF@DF_CAPMF(1.0),Climate actions and policies measurement framework,I,CAN,Canada,A,Annual,POL_STRINGENCY,Policy stringency,LEV2_SEC_B_NMBI,Buildings - Non market-based instruments,0_TO_10,0-10 scale,2015,,6.25,,A,Normal value,0,Units,2,Two
DATAFLOW,OECD.ENV.EPI:DSD_CAPMF@DF_CAPMF(1.0),Climate actions and policies measurement framework,I,CAN,Canada,A,Annual,POL_STRINGENCY,Policy stringency,LEV2_SEC_B_NMBI,Buildings - Non market-based instruments,0_TO_10,0-10 scale,2016,,6.875,,A,Normal value,0,Units,2,Two
DATAFLOW,OECD.ENV.EPI:DSD_CAPMF@DF_CAPMF(1.0),Climate actions and policies measurement framework,I,CAN,Canada,A,Annual,POL_STRINGENCY,Policy stringency,LEV2_SEC_B_NMBI,Buildings - Non market-based instruments,0_TO_10,0-10 scale,2017,,6.875,,A,Normal value,0,Units,2,Two
DATAFLOW,OECD.ENV.EPI:DSD_CAPMF@DF_CAPMF(1.0),Climate actions and policies measurement framework,I,CAN,Canada,A,Annual,POL_STRINGENCY,Policy stringency,LEV2_SEC_B_NMBI,Buildings - Non market-based instruments,0_TO_10,0-10 scale,2018,,6.875,,A,Normal value,0,Units,2,Two
DATAFLOW,OECD.ENV.EPI:DSD_CAPMF@DF_CAPMF(1.0),Climate actions and policies measurement framework,I,CAN,Canada,A,Annual,POL_STRINGENCY,Policy stringency,LEV2_SEC_B_NMBI,Buildings - Non market-based instruments,0_TO_10,0-10 scale,2019,,7.5,,A,Normal value,0,Units,2,Two
DATAFLOW,OECD.ENV.EPI:DSD_CAPMF@DF_CAPMF(1.0),Climate actions and policies measurement framework,I,CAN,Canada,A,Annual,POL_STRINGENCY,Policy stringency,LEV2_SEC_B_NMBI,Buildings - Non market-based instruments,0_TO_10,0-10 scale,2020,,7.5,,A,Normal value,0,Units,2,Two
DATAFLOW,OECD.ENV.EPI:DSD_CAPMF@DF_CAPMF(1.0),Climate actions and policies measurement framework,I,SWE,Sweden,A,Annual,POL_STRINGENCY,Policy stringency,LEV1_SEC,Sectoral policies,0_TO_10,0-10 scale,2010,,3.5912945,,E,Estimated value,0,Units,2,Two
DATAFLOW,OECD.ENV.EPI:DSD_CAPMF@DF_CAPMF(1.0),Climate actions and policies measurement framework,I,SWE,Sweden,A,Annual,POL_STRINGENCY,Policy stringency,LEV1_SEC,Sectoral policies,0_TO_10,0-10 scale,2011,,4.1170387,,E,Estimated value,0,Units,2,Two
DATAFLOW,OECD.ENV.EPI:DSD_CAPMF@DF_CAPMF(1.0),Climate actions and policies measurement framework,I,SWE,Sweden,A,Annual,POL_STRINGENCY,Policy stringency,LEV1_SEC,Sectoral policies,0_TO_10,0-10 scale,2012,,4.0777531,,E,Estimated value,0,Units,2,Two
DATAFLOW,OECD.ENV.EPI:DSD_CAPMF@DF_CAPMF(1.0),Climate actions and policies measurement framework,I,SWE,Sweden,A,Annual,POL_STRINGENCY,Policy stringency,LEV1_SEC,Sectoral policies,0_TO_10,0-10 scale,2013,,4.4161458,,E,Estimated value,0,Units,2,Two
DATAFLOW,OECD.ENV.EPI:DSD_CAPMF@DF_CAPMF(1.0),Climate actions and policies measurement framework,I,SWE,Sweden,A,Annual,POL_STRINGENCY,Policy stringency,LEV1_SEC,Sectoral policies,0_TO_10,0-10 scale,2014,,4.5366817,,E,Estimated value,0,Units,2,Two
DATAFLOW,OECD.ENV.EPI:DSD_CAPMF@DF_CAPMF(1.0),Climate actions and policies measurement framework,I,SWE,Sweden,A,Annual,POL_STRINGENCY,Policy stringency,LEV1_SEC,Sectoral policies,0_TO_10,0-10 scale,2015,,4.6241817,,E,Estimated value,0,Units,2,Two
DATAFLOW,OECD.ENV.EPI:DSD_CAPMF@DF_CAPMF(1.0),Climate actions and policies measurement framework,I,SWE,Sweden,A,Annual,POL_STRINGENCY,Policy stringency,LEV1_SEC,Sectoral policies,0_TO_10,0-10 scale,2016,,4.6979909,,E,Estimated value,0,Units,2,Two
DATAFLOW,OECD.ENV.EPI:DSD_CAPMF@DF_CAPMF(1.0),Climate actions and policies measurement framework,I,SWE,Sweden,A,Annual,POL_STRINGENCY,Policy stringency,LEV1_SEC,Sectoral policies,0_TO_10,0-10 scale,2017,,4.959003,,E,Estimated value,0,Units,2,Two
DATAFLOW,OECD.ENV.EPI:DSD_CAPMF@DF_CAPMF(1.0),Climate actions and policies measurement framework,I,SWE,Sweden,A,Annual,POL_STRINGENCY,Policy stringency,LEV1_SEC,Sectoral policies,0_TO_10,0-10 scale,2018,,5.0590029,,E,Estimated value,0,Units,2,Two
DATAFLOW,OECD.ENV.EPI:DSD_CAPMF@DF_CAPMF(1.0),Climate actions and policies measurement framework,I,SWE,Sweden,A,Annual,POL_STRINGENCY,Policy stringency,LEV1_SEC,Sectoral policies,0_TO_10,0-10 scale,2019,,5.1371279,,E,Estimated value,0,Units,2,Two
DATAFLOW,OECD.ENV.EPI:DSD_CAPMF@DF_CAPMF(1.0),Climate actions and policies measurement framework,I,SWE,Sweden,A,Annual,POL_STRINGENCY,Policy stringency,LEV1_SEC,Sectoral policies,0_TO_10,0-10 scale,2020,,5.366518,,E,Estimated value,0,Units,2,Two
DATAFLOW,OECD.ENV.EPI:DSD_CAPMF@DF_CAPMF(1.0),Climate actions and policies measurement framework,I,ISR,Israel,A,Annual,POL_STRINGENCY,Policy stringency,LEV1_CROSS_SEC,Cross-sectoral policies,0_TO_10,0-10 scale,2010,,1.5,,E,Estimated value,0,Units,2,Two
DATAFLOW,OECD.ENV.EPI:DSD_CAPMF@DF_CAPMF(1.0),Climate actions and policies measurement framework,I,ISR,Israel,A,Annual,POL_STRINGENCY,Policy stringency,LEV1_CROSS_SEC,Cross-sectoral policies,0_TO_10,0-10 scale,2011,,1.5,,E,Estimated value,0,Units,2,Two
DATAFLOW,OECD.ENV.EPI:DSD_CAPMF@DF_CAPMF(1.0),Climate actions and policies measurement framework,I,ISR,Israel,A,Annual,POL_STRINGENCY,Policy stringency,LEV1_CROSS_SEC,Cross-sectoral policies,0_TO_10,0-10 scale,2012,,1.1666666,,E,Estimated value,0,Units,2,Two
DATAFLOW,OECD.ENV.EPI:DSD_CAPMF@DF_CAPMF(1.0),Climate actions and policies measurement framework,I,ISR,Israel,A,Annual,POL_STRINGENCY,Policy stringency,LEV1_CROSS_SEC,Cross-sectoral policies,0_TO_10,0-10 scale,2013,,1.1666666,,E,Estimated value,0,Units,2,Two
DATAFLOW,OECD.ENV.EPI:DSD_CAPMF@DF_CAPMF(1.0),Climate actions and policies measurement framework,I,ISR,Israel,A,Annual,POL_STRINGENCY,Policy stringency,LEV1_CROSS_SEC,Cross-sectoral policies,0_TO_10,0-10 scale,2014,,1.1666666,,E,Estimated value,0,Units,2,Two
DATAFLOW,OECD.ENV.EPI:DSD_CAPMF@DF_CAPMF(1.0),Climate actions and policies measurement framework,I,ISR,Israel,A,Annual,POL_STRINGENCY,Policy stringency,LEV1_CROSS_SEC,Cross-sectoral policies,0_TO_10,0-10 scale,2015,,1.1666666,,E,Estimated value,0,Units,2,Two
DATAFLOW,OECD.ENV.EPI:DSD_CAPMF@DF_CAPMF(1.0),Climate actions and policies measurement framework,I,ISR,Israel,A,Annual,POL_STRINGENCY,Policy stringency,LEV1_CROSS_SEC,Cross-sectoral policies,0_TO_10,0-10 scale,2016,,2.2777777,,E,Estimated value,0,Units,2,Two
DATAFLOW,OECD.ENV.EPI:DSD_CAPMF@DF_CAPMF(1.0),Climate actions and policies measurement framework,I,ISR,Israel,A,Annual,POL_STRINGENCY,Policy stringency,LEV1_CROSS_SEC,Cross-sectoral policies,0_TO_10,0-10 scale,2017,,2.2777777,,E,Estimated value,0,Units,2,Two
DATAFLOW,OECD.ENV.EPI:DSD_CAPMF@DF_CAPMF(1.0),Climate actions and policies measurement framework,I,ISR,Israel,A,Annual,POL_STRINGENCY,Policy stringency,LEV1_CROSS_SEC,Cross-sectoral policies,0_TO_10,0-10 scale,2018,,2.2777777,,E,Estimated value,0,Units,2,Two
DATAFLOW,OECD.ENV.EPI:DSD_CAPMF@DF_CAPMF(1.0),Climate actions and policies measurement framework,I,ISR,Israel,A,Annual,POL_STRINGENCY,Policy stringency,LEV1_CROSS_SEC,Cross-sectoral policies,0_TO_10,0-10 scale,2019,,2.2777777,,E,Estimated value,0,Units,2,Two
DATAFLOW,OECD.ENV.EPI:DSD_CAPMF@DF_CAPMF(1.0),Climate actions and policies measurement framework,I,ISR,Israel,A,Annual,POL_STRINGENCY,Policy stringency,LEV1_CROSS_SEC,Cross-sectoral policies,0_TO_10,0-10 scale,2020,,2.2777777,,E,Estimated value,0,Units,2,Two
DATAFLOW,OECD.ENV.EPI:DSD_CAPMF@DF_CAPMF(1.0),Climate actions and policies measurement framework,I,USA,United States,A,Annual,POL_STRINGENCY,Policy stringency,LEV2_SEC_B_NMBI,Buildings - Non market-based instruments,0_TO_10,0-10 scale,2010,,,,Q,Missing value; suppressed,0,Units,2,Two
DATAFLOW,OECD.ENV.EPI:DSD_CAPMF@DF_CAPMF(1.0),Climate actions and policies measurement framework,I,USA,United States,A,Annual,POL_STRINGENCY,Policy stringency,LEV2_SEC_B_NMBI,Buildings - Non market-based instruments,0_TO_10,0-10 scale,2011,,,,Q,Missing value; suppressed,0,Units,2,Two
DATAFLOW,OECD.ENV.EPI:DSD_CAPMF@DF_CAPMF(1.0),Climate actions and policies measurement framework,I,USA,United States,A,Annual,POL_STRINGENCY,Policy stringency,LEV2_SEC_B_NMBI,Buildings - Non market-based instruments,0_TO_10,0-10 scale,2012,,,,Q,Missing value; suppressed,0,Units,2,Two
DATAFLOW,OECD.ENV.EPI:DSD_CAPMF@DF_CAPMF(1.0),Climate actions and policies measurement framework,I,USA,United States,A,Annual,POL_STRINGENCY,Policy stringency,LEV2_SEC_B_NMBI,Buildings - Non market-based instruments,0_TO_10,0-10 scale,2013,,,,Q,Missing value; suppressed,0,Units,2,Two
DATAFLOW,OECD.ENV.EPI:DSD_CAPMF@DF_CAPMF(1.0),Climate actions and policies measurement framework,I,USA,United States,A,Annual,POL_STRINGENCY,Policy stringency,LEV2_SEC_B_NMBI,Buildings - Non market-based instruments,0_TO_10,0-10 scale,2014,,,,Q,Missing value; suppressed,0,Units,2,Two
DATAFLOW,OECD.ENV.EPI:DSD_CAPMF@DF_CAPMF(1.0),Climate actions and policies measurement framework,I,USA,United States,A,Annual,POL_STRINGENCY,Policy stringency,LEV2_SEC_B_NMBI,Buildings - Non market-based instruments,0_TO_10,0-10 scale,2015,,,,Q,Missing value; suppressed,0,Units,2,Two
DATAFLOW,OECD.ENV.EPI:DSD_CAPMF@DF_CAPMF(1.0),Climate actions and policies measurement framework,I,USA,United States,A,Annual,POL_STRINGENCY,Policy stringency,LEV2_SEC_B_NMBI,Buildings - Non market-based instruments,0_TO_10,0-10 scale,2016,,,,Q,Missing value; suppressed,0,Units,2,Two
DATAFLOW,OECD.ENV.EPI:DSD_CAPMF@DF_CAPMF(1.0),Climate actions and policies measurement framework,I,USA,United States,A,Annual,POL_STRINGENCY,Policy stringency,LEV2_SEC_B_NMBI,Buildings - Non market-based instruments,0_TO_10,0-10 scale,2017,,,,Q,Missing value; suppressed,0,Units,2,Two
DATAFLOW,OECD.ENV.EPI:DSD_CAPMF@DF_CAPMF(1.0),Climate actions and policies measurement framework,I,USA,United States,A,Annual,POL_STRINGENCY,Policy stringency,LEV2_SEC_B_NMBI,Buildings - Non market-based instruments,0_TO_10,0-10 scale,2018,,,,Q,Missing value; suppressed,0,Units,2,Two
DATAFLOW,OECD.ENV.EPI:DSD_CAPMF@DF_CAPMF(1.0),Climate actions and policies measurement framework,I,USA,United States,A,Annual,POL_STRINGENCY,Policy stringency,LEV2_SEC_B_NMBI,Buildings - Non market-based instruments,0_TO_10,0-10 scale,2019,,,,Q,Missing value; suppressed,0,Units,2,Two
DATAFLOW,OECD.ENV.EPI:DSD_CAPMF@DF_CAPMF(1.0),Climate actions and policies measurement framework,I,USA,United States,A,Annual,POL_STRINGENCY,Policy stringency,LEV2_SEC_B_NMBI,Buildings - Non market-based instruments,0_TO_10,0-10 scale,2020,,,,Q,Missing value; suppressed,0,Units,2,Two
